2026-09-19 06:17:18,098 [INFO] ark5.main: =======================================================
2026-09-19 06:17:18,098 [INFO] ark5.main:   ARK-5 Human Detector — Brain Starting for ROBOT #1
2026-09-19 06:17:18,099 [INFO] ark5.main:   ESP32 Host    : 10.147.103.106:4210 (Telem port: 4211)
2026-09-19 06:17:18,099 [INFO] ark5.main:   Camera Stream : http://10.147.103.154:81/stream
2026-09-19 06:17:18,099 [INFO] ark5.main: =======================================================
2026-09-19 06:17:21,096 [INFO] ark5.vision: Loading YOLO weights: E:\ARK5_Finally fixed\ARK_5\human_detector_robot\models\yolo11n.pt
2026-09-19 06:20:24,034 [INFO] ark5.main: =======================================================
2026-09-19 06:20:24,034 [INFO] ark5.main:   ARK-5 Human Detector — Brain Starting for ROBOT #1
2026-09-19 06:20:24,034 [INFO] ark5.main:   ESP32 Host    : 10.147.103.106:4210 (Telem port: 4211)
2026-09-19 06:20:24,034 [INFO] ark5.main:   Camera Stream : http://10.147.103.154:81/stream
2026-09-19 06:20:24,035 [INFO] ark5.main: =======================================================
2026-09-19 06:20:27,088 [INFO] ark5.vision: Loading YOLO weights: E:\ARK5_Finally fixed\ARK_5\human_detector_robot\models\yolo11n.pt
2026-09-19 13:40:38,440 [INFO] ark5.main: =======================================================
2026-09-19 13:40:38,442 [INFO] ark5.main:   ARK-5 Human Detector — Brain Starting for ROBOT #1
2026-09-19 13:40:38,442 [INFO] ark5.main:   ESP32 Host    : 192.168.137.11:4210 (Telem port: 4211)
2026-09-19 13:40:38,443 [INFO] ark5.main:   Camera Stream : http://192.168.137.10:81/stream
2026-09-19 13:40:38,443 [INFO] ark5.main: =======================================================
2026-09-19 13:40:43,766 [INFO] ark5.vision: Loading YOLO weights: E:\ARK5_Finally fixed\ARK_5\human_detector_robot\models\yolo11n.pt
2026-09-19 13:40:51,638 [INFO] ark5.main: Camera Stream OK (http://192.168.137.145:81/stream)
2026-09-19 13:40:51,641 [INFO] ark5.main: 2D ASCII Map file       : E:\ARK5_Finally fixed\ARK_5\human_detector_robot\maps\robot1_map.txt
2026-09-19 13:40:51,642 [INFO] ark5.main: Movement/Trajectory Log : E:\ARK5_Finally fixed\ARK_5\human_detector_robot\maps\robot1_movement_log.txt
2026-09-19 13:40:51,642 [INFO] ark5.main: READY — Press Q to quit.
2026-09-19 13:40:51,707 [WARNING] ark5.main: FAILSAFE: infs se robot se telemetry nahi aayi — motors STOP
2026-09-19 13:41:15,560 [INFO] ark5.main: MAP & TRAJECTORY saved -> robot1_map.txt & robot1_movement_log.txt
2026-09-19 13:41:15,561 [INFO] ark5.main: [CV] PERSON detected (conf=0.63)
2026-09-19 13:41:17,591 [INFO] ark5.main: [MAP] Human logged — resuming...
2026-09-19 13:41:19,395 [INFO] ark5.main: [CV] PERSON detected (conf=0.62)
2026-09-19 13:41:21,455 [INFO] ark5.main: [MAP] Human logged — resuming...
2026-09-19 13:41:31,821 [INFO] ark5.main: MAP & TRAJECTORY saved -> robot1_map.txt & robot1_movement_log.txt
2026-09-19 13:41:31,821 [INFO] ark5.main: [CV] HUMAN FALLEN detected (conf=0.43)
2026-09-19 13:41:33,884 [INFO] ark5.main: [MAP] Human logged — resuming...
2026-09-19 13:43:46,601 [WARNING] ark5.udp: UDP send fail: [WinError 10051] A socket operation was attempted to an unreachable network
2026-09-19 13:43:46,684 [WARNING] ark5.udp: UDP send fail: [WinError 10051] A socket operation was attempted to an unreachable network
2026-09-19 13:43:46,785 [WARNING] ark5.vision: Stream read fail — reconnect try ho raha hai: http://192.168.137.145:81/stream
2026-09-19 13:43:48,697 [WARNING] ark5.udp: UDP send fail: [WinError 10051] A socket operation was attempted to an unreachable network
2026-09-19 13:43:50,726 [WARNING] ark5.udp: UDP send fail: [WinError 10051] A socket operation was attempted to an unreachable network
2026-09-19 13:45:38,174 [WARNING] ark5.udp: UDP send fail: [WinError 10051] A socket operation was attempted to an unreachable network
2026-09-19 13:45:44,588 [WARNING] ark5.vision: Stream read fail — reconnect try ho raha hai: http://192.168.137.145:81/stream
2026-09-19 13:46:55,369 [INFO] ark5.main: =======================================================
2026-09-19 13:46:55,371 [INFO] ark5.main:   ARK-5 Human Detector — Brain Starting for ROBOT #1
2026-09-19 13:46:55,371 [INFO] ark5.main:   ESP32 Host    : 192.168.137.11:4210 (Telem port: 4211)
2026-09-19 13:46:55,371 [INFO] ark5.main:   Camera Stream : http://192.168.137.10:81/stream
2026-09-19 13:46:55,372 [INFO] ark5.main: =======================================================
2026-09-19 13:46:58,709 [INFO] ark5.vision: Loading YOLO weights: E:\ARK5_Finally fixed\ARK_5\human_detector_robot\models\yolo11n.pt
2026-09-19 13:47:35,951 [INFO] ark5.main: =======================================================
2026-09-19 13:47:35,951 [INFO] ark5.main:   ARK-5 Human Detector — Brain Starting for ROBOT #1
2026-09-19 13:47:35,951 [INFO] ark5.main:   ESP32 Host    : 192.168.137.11:4210 (Telem port: 4211)
2026-09-19 13:47:35,952 [INFO] ark5.main:   Camera Stream : http://192.168.137.10:81/stream
2026-09-19 13:47:35,952 [INFO] ark5.main: =======================================================
2026-09-19 13:47:38,512 [INFO] ark5.vision: Loading YOLO weights: E:\ARK5_Finally fixed\ARK_5\human_detector_robot\models\yolo11n.pt
2026-09-19 13:47:42,853 [INFO] ark5.main: Camera Stream OK (http://192.168.137.191:81/stream)
2026-09-19 13:47:42,854 [INFO] ark5.main: 2D ASCII Map file       : E:\ARK5_Finally fixed\ARK_5\human_detector_robot\maps\robot1_map.txt
2026-09-19 13:47:42,854 [INFO] ark5.main: Movement/Trajectory Log : E:\ARK5_Finally fixed\ARK_5\human_detector_robot\maps\robot1_movement_log.txt
2026-09-19 13:47:42,854 [INFO] ark5.main: READY — Press Q to quit.
2026-09-19 13:47:42,918 [WARNING] ark5.main: FAILSAFE: infs se robot se telemetry nahi aayi — motors STOP
2026-09-19 13:47:45,970 [INFO] ark5.main: MAP & TRAJECTORY saved -> robot1_map.txt & robot1_movement_log.txt
2026-09-19 13:47:45,971 [INFO] ark5.main: [CV] HUMAN FALLEN detected (conf=0.59)
2026-09-19 13:47:48,038 [INFO] ark5.main: [MAP] Human logged — resuming...
2026-09-19 13:47:48,717 [INFO] ark5.main: [CV] HUMAN STANDING detected (conf=0.58)
2026-09-19 13:47:50,719 [INFO] ark5.main: [MAP] Human logged — resuming...
2026-09-19 13:47:50,925 [INFO] ark5.main: [CV] HUMAN STANDING detected (conf=0.71)
2026-09-19 13:47:50,942 [INFO] ark5.main: MAP & TRAJECTORY saved -> robot1_map.txt & robot1_movement_log.txt
2026-09-19 13:47:52,934 [INFO] ark5.main: [MAP] Human logged — resuming...
2026-09-19 13:47:53,044 [INFO] ark5.main: [CV] HUMAN STANDING detected (conf=0.69)
2026-09-19 13:47:55,049 [INFO] ark5.main: [MAP] Human logged — resuming...
2026-09-19 13:47:57,264 [INFO] ark5.main: MAP & TRAJECTORY saved -> robot1_map.txt & robot1_movement_log.txt
2026-09-19 13:47:57,264 [INFO] ark5.main: [CV] HUMAN STANDING detected (conf=0.58)
2026-09-19 13:47:59,348 [INFO] ark5.main: [MAP] Human logged — resuming...
2026-09-19 13:47:59,364 [INFO] ark5.main: [CV] HUMAN STANDING detected (conf=0.77)
2026-09-19 13:48:01,449 [INFO] ark5.main: [MAP] Human logged — resuming...
2026-09-19 13:48:01,465 [INFO] ark5.main: [CV] HUMAN STANDING detected (conf=0.70)
2026-09-19 13:48:02,575 [INFO] ark5.main: MAP & TRAJECTORY saved -> robot1_map.txt & robot1_movement_log.txt
2026-09-19 13:48:03,479 [INFO] ark5.main: [MAP] Human logged — resuming...
2026-09-19 13:48:03,588 [INFO] ark5.main: [CV] HUMAN FALLEN detected (conf=0.48)
2026-09-19 13:48:05,612 [INFO] ark5.main: [MAP] Human logged — resuming...
2026-09-19 13:48:06,404 [INFO] ark5.main: [CV] HUMAN FALLEN detected (conf=0.41)
2026-09-19 13:48:07,544 [INFO] ark5.main: MAP & TRAJECTORY saved -> robot1_map.txt & robot1_movement_log.txt
2026-09-19 13:48:08,428 [INFO] ark5.main: [MAP] Human logged — resuming...
2026-09-19 13:48:08,444 [INFO] ark5.main: [CV] HUMAN FALLEN detected (conf=0.46)
2026-09-19 13:48:10,531 [INFO] ark5.main: [MAP] Human logged — resuming...
2026-09-19 13:48:11,970 [INFO] ark5.main: [CV] HUMAN STANDING detected (conf=0.53)
2026-09-19 13:48:12,637 [INFO] ark5.main: MAP & TRAJECTORY saved -> robot1_map.txt & robot1_movement_log.txt
2026-09-19 13:48:13,982 [INFO] ark5.main: [MAP] Human logged — resuming...
2026-09-19 13:48:16,104 [INFO] ark5.main: Final 2D Map -> E:\ARK5_Finally fixed\ARK_5\human_detector_robot\maps\robot1_map.txt
2026-09-19 13:48:16,104 [INFO] ark5.main: Final MPU/Sonar Trajectory Log -> E:\ARK5_Finally fixed\ARK_5\human_detector_robot\maps\robot1_movement_log.txt
2026-09-19 14:14:16,591 [INFO] ark5.main: =======================================================
2026-09-19 14:14:16,591 [INFO] ark5.main:   ARK-5 Human Detector — Brain Starting for ROBOT #1
2026-09-19 14:14:16,592 [INFO] ark5.main:   ESP32 Host    : 192.168.137.11:4210 (Telem port: 4211)
2026-09-19 14:14:16,592 [INFO] ark5.main:   Camera Stream : http://192.168.137.10:81/stream
2026-09-19 14:14:16,592 [INFO] ark5.main: =======================================================
2026-09-19 14:14:22,249 [INFO] ark5.vision: Loading YOLO weights: E:\ARK5_Finally fixed\ARK_5\human_detector_robot\models\yolo11n.pt
2026-09-19 14:14:34,135 [INFO] ark5.main: Camera Stream OK (http://192.168.137.78:81/stream)
2026-09-19 14:14:34,144 [INFO] ark5.main: 2D ASCII Map file       : E:\ARK5_Finally fixed\ARK_5\human_detector_robot\maps\robot1_map.txt
2026-09-19 14:14:34,146 [INFO] ark5.main: Movement/Trajectory Log : E:\ARK5_Finally fixed\ARK_5\human_detector_robot\maps\robot1_movement_log.txt
2026-09-19 14:14:34,148 [INFO] ark5.main: READY — Press Q to quit.
2026-09-19 14:14:34,221 [WARNING] ark5.main: FAILSAFE: infs se robot se telemetry nahi aayi — motors STOP
2026-09-19 14:14:40,464 [INFO] ark5.main: MAP & TRAJECTORY saved -> robot1_map.txt & robot1_movement_log.txt
2026-09-19 14:14:40,467 [INFO] ark5.main: [CV] HUMAN FALLEN detected (conf=0.42)
2026-09-19 14:14:42,598 [INFO] ark5.main: [MAP] Human logged — resuming...
2026-09-19 14:14:48,356 [INFO] ark5.main: MAP & TRAJECTORY saved -> robot1_map.txt & robot1_movement_log.txt
2026-09-19 14:14:48,356 [INFO] ark5.main: [CV] HUMAN STANDING detected (conf=0.77)
2026-09-19 14:14:50,378 [INFO] ark5.main: [MAP] Human logged — resuming...
2026-09-19 14:14:50,394 [INFO] ark5.main: [CV] HUMAN STANDING detected (conf=0.76)
2026-09-19 14:14:52,401 [INFO] ark5.main: [MAP] Human logged — resuming...
2026-09-19 14:14:52,511 [INFO] ark5.main: [CV] HUMAN STANDING detected (conf=0.68)
2026-09-19 14:14:53,460 [INFO] ark5.main: MAP & TRAJECTORY saved -> robot1_map.txt & robot1_movement_log.txt
2026-09-19 14:14:54,611 [INFO] ark5.main: [MAP] Human logged — resuming...
2026-09-19 14:14:54,627 [INFO] ark5.main: [CV] HUMAN STANDING detected (conf=0.66)
2026-09-19 14:14:56,630 [INFO] ark5.main: [MAP] Human logged — resuming...
2026-09-19 14:14:56,754 [INFO] ark5.main: [CV] HUMAN STANDING detected (conf=0.68)
2026-09-19 14:14:58,829 [INFO] ark5.main: [MAP] Human logged — resuming...
2026-09-19 14:15:00,194 [INFO] ark5.main: MAP & TRAJECTORY saved -> robot1_map.txt & robot1_movement_log.txt
2026-09-19 14:15:00,194 [INFO] ark5.main: [CV] HUMAN STANDING detected (conf=0.52)
2026-09-19 14:15:02,245 [INFO] ark5.main: [MAP] Human logged — resuming...
2026-09-19 14:15:02,261 [INFO] ark5.main: [CV] HUMAN STANDING detected (conf=0.77)
2026-09-19 14:15:04,316 [INFO] ark5.main: [MAP] Human logged — resuming...
2026-09-19 14:15:04,443 [INFO] ark5.main: [CV] HUMAN STANDING detected (conf=0.57)
2026-09-19 14:15:05,089 [INFO] ark5.main: MAP & TRAJECTORY saved -> robot1_map.txt & robot1_movement_log.txt
2026-09-19 14:15:06,479 [INFO] ark5.main: [MAP] Human logged — resuming...
2026-09-19 14:15:06,495 [INFO] ark5.main: [CV] HUMAN FALLEN detected (conf=0.45)
2026-09-19 14:15:08,502 [INFO] ark5.main: [MAP] Human logged — resuming...
2026-09-19 14:15:08,865 [INFO] ark5.main: [CV] HUMAN STANDING detected (conf=0.51)
2026-09-19 14:15:10,830 [INFO] ark5.main: MAP & TRAJECTORY saved -> robot1_map.txt & robot1_movement_log.txt
2026-09-19 14:15:10,988 [INFO] ark5.main: [MAP] Human logged — resuming...
2026-09-19 14:15:11,004 [INFO] ark5.main: [CV] HUMAN STANDING detected (conf=0.68)
2026-09-19 14:15:13,073 [INFO] ark5.main: [MAP] Human logged — resuming...
2026-09-19 14:15:13,088 [INFO] ark5.main: [CV] HUMAN STANDING detected (conf=0.72)
2026-09-19 14:15:15,129 [INFO] ark5.main: [MAP] Human logged — resuming...
2026-09-19 14:15:15,891 [INFO] ark5.main: MAP & TRAJECTORY saved -> robot1_map.txt & robot1_movement_log.txt
2026-09-19 14:15:15,892 [INFO] ark5.main: [CV] HUMAN STANDING detected (conf=0.74)
2026-09-19 14:15:17,915 [INFO] ark5.main: [MAP] Human logged — resuming...
2026-09-19 14:15:17,932 [INFO] ark5.main: [CV] HUMAN STANDING detected (conf=0.69)
2026-09-19 14:15:19,940 [INFO] ark5.main: [MAP] Human logged — resuming...
2026-09-19 14:15:21,189 [INFO] ark5.main: MAP & TRAJECTORY saved -> robot1_map.txt & robot1_movement_log.txt
2026-09-19 14:15:21,189 [INFO] ark5.main: [CV] HUMAN STANDING detected (conf=0.53)
2026-09-19 14:15:23,265 [INFO] ark5.main: [MAP] Human logged — resuming...
2026-09-19 14:15:23,281 [INFO] ark5.main: [CV] HUMAN STANDING detected (conf=0.58)
2026-09-19 14:15:25,332 [INFO] ark5.main: [MAP] Human logged — resuming...
2026-09-19 14:15:25,350 [INFO] ark5.main: [CV] HUMAN STANDING detected (conf=0.54)
2026-09-19 14:15:26,150 [INFO] ark5.main: MAP & TRAJECTORY saved -> robot1_map.txt & robot1_movement_log.txt
2026-09-19 14:15:27,367 [INFO] ark5.main: [MAP] Human logged — resuming...
2026-09-19 14:15:27,502 [INFO] ark5.main: [CV] HUMAN STANDING detected (conf=0.68)
2026-09-19 14:15:29,585 [INFO] ark5.main: [MAP] Human logged — resuming...
2026-09-19 14:15:29,600 [INFO] ark5.main: [CV] HUMAN STANDING detected (conf=0.54)
2026-09-19 14:15:31,203 [INFO] ark5.main: MAP & TRAJECTORY saved -> robot1_map.txt & robot1_movement_log.txt
2026-09-19 14:15:31,615 [INFO] ark5.main: [MAP] Human logged — resuming...
2026-09-19 14:15:31,630 [INFO] ark5.main: [CV] HUMAN STANDING detected (conf=0.80)
2026-09-19 14:15:33,730 [INFO] ark5.main: [MAP] Human logged — resuming...
2026-09-19 14:15:34,617 [INFO] ark5.main: [CV] HUMAN FALLEN detected (conf=0.57)
2026-09-19 14:15:36,247 [INFO] ark5.main: MAP & TRAJECTORY saved -> robot1_map.txt & robot1_movement_log.txt
2026-09-19 14:15:36,658 [INFO] ark5.main: [MAP] Human logged — resuming...
2026-09-19 14:15:36,673 [INFO] ark5.main: [CV] HUMAN STANDING detected (conf=0.80)
2026-09-19 14:15:38,795 [INFO] ark5.main: [MAP] Human logged — resuming...
2026-09-19 14:15:39,397 [INFO] ark5.main: [CV] HUMAN STANDING detected (conf=0.85)
2026-09-19 14:15:41,360 [INFO] ark5.main: MAP & TRAJECTORY saved -> robot1_map.txt & robot1_movement_log.txt
2026-09-19 14:15:41,485 [INFO] ark5.main: [MAP] Human logged — resuming...
2026-09-19 14:15:41,501 [INFO] ark5.main: [CV] HUMAN STANDING detected (conf=0.83)
2026-09-19 14:15:43,544 [INFO] ark5.main: [MAP] Human logged — resuming...
2026-09-19 14:15:43,797 [INFO] ark5.main: [CV] HUMAN STANDING detected (conf=0.83)
2026-09-19 14:15:45,916 [INFO] ark5.main: [MAP] Human logged — resuming...
2026-09-19 14:15:45,932 [INFO] ark5.main: [CV] HUMAN STANDING detected (conf=0.83)
2026-09-19 14:15:46,375 [INFO] ark5.main: MAP & TRAJECTORY saved -> robot1_map.txt & robot1_movement_log.txt
2026-09-19 14:15:47,987 [INFO] ark5.main: [MAP] Human logged — resuming...
2026-09-19 14:15:48,003 [INFO] ark5.main: [CV] HUMAN STANDING detected (conf=0.69)
2026-09-19 14:15:50,014 [INFO] ark5.main: [MAP] Human logged — resuming...
2026-09-19 14:15:50,157 [INFO] ark5.main: [CV] HUMAN STANDING detected (conf=0.77)
2026-09-19 14:15:51,488 [INFO] ark5.main: MAP & TRAJECTORY saved -> robot1_map.txt & robot1_movement_log.txt
2026-09-19 14:15:52,182 [INFO] ark5.main: [MAP] Human logged — resuming...
2026-09-19 14:15:52,198 [INFO] ark5.main: [CV] HUMAN STANDING detected (conf=0.81)
2026-09-19 14:15:54,287 [INFO] ark5.main: [MAP] Human logged — resuming...
2026-09-19 14:15:54,303 [INFO] ark5.main: [CV] HUMAN STANDING detected (conf=0.79)
2026-09-19 14:15:56,374 [INFO] ark5.main: [MAP] Human logged — resuming...
2026-09-19 14:15:56,379 [INFO] ark5.main: Final 2D Map -> E:\ARK5_Finally fixed\ARK_5\human_detector_robot\maps\robot1_map.txt
2026-09-19 14:15:56,380 [INFO] ark5.main: Final MPU/Sonar Trajectory Log -> E:\ARK5_Finally fixed\ARK_5\human_detector_robot\maps\robot1_movement_log.txt
2026-09-19 14:24:49,045 [INFO] ark5.main: =======================================================
2026-09-19 14:24:49,045 [INFO] ark5.main:   ARK-5 Human Detector — Brain Starting for ROBOT #1
2026-09-19 14:24:49,046 [INFO] ark5.main:   ESP32 Host    : 192.168.137.11:4210 (Telem port: 4211)
2026-09-19 14:24:49,046 [INFO] ark5.main:   Camera Stream : http://192.168.137.10:81/stream
2026-09-19 14:24:49,046 [INFO] ark5.main: =======================================================
2026-09-19 14:24:51,211 [INFO] ark5.vision: Loading YOLO weights: E:\ARK5_Finally fixed\ARK_5\human_detector_robot\models\yolo11n.pt
2026-09-19 14:24:55,376 [INFO] ark5.main: Camera Stream OK (http://192.168.137.246:81/stream)
2026-09-19 14:24:55,378 [INFO] ark5.main: 2D ASCII Map file       : E:\ARK5_Finally fixed\ARK_5\human_detector_robot\maps\robot1_map.txt
2026-09-19 14:24:55,378 [INFO] ark5.main: Movement/Trajectory Log : E:\ARK5_Finally fixed\ARK_5\human_detector_robot\maps\robot1_movement_log.txt
2026-09-19 14:24:55,379 [INFO] ark5.main: READY — Press Q to quit.
2026-09-19 14:24:55,436 [WARNING] ark5.main: FAILSAFE: infs se robot se telemetry nahi aayi — motors STOP
2026-09-19 14:24:59,214 [INFO] ark5.main: MAP & TRAJECTORY saved -> robot1_map.txt & robot1_movement_log.txt
2026-09-19 14:24:59,214 [INFO] ark5.main: [CV] HUMAN STANDING detected (conf=0.51)
2026-09-19 14:25:01,265 [INFO] ark5.main: [MAP] Human logged — resuming...
2026-09-19 14:25:01,297 [INFO] ark5.main: [CV] HUMAN STANDING detected (conf=0.55)
2026-09-19 14:25:03,305 [INFO] ark5.main: [MAP] Human logged — resuming...
2026-09-19 14:25:03,684 [INFO] ark5.main: [CV] HUMAN STANDING detected (conf=0.54)
2026-09-19 14:25:05,768 [INFO] ark5.main: [MAP] Human logged — resuming...
2026-09-19 14:25:06,955 [INFO] ark5.main: MAP & TRAJECTORY saved -> robot1_map.txt & robot1_movement_log.txt
2026-09-19 14:25:06,955 [INFO] ark5.main: [CV] HUMAN STANDING detected (conf=0.58)
2026-09-19 14:25:09,038 [INFO] ark5.main: [MAP] Human logged — resuming...
2026-09-19 14:25:10,051 [INFO] ark5.main: [CV] HUMAN STANDING detected (conf=0.58)
2026-09-19 14:25:12,058 [INFO] ark5.main: MAP & TRAJECTORY saved -> robot1_map.txt & robot1_movement_log.txt
2026-09-19 14:25:12,058 [INFO] ark5.main: [MAP] Human logged — resuming...
2026-09-19 14:25:12,072 [INFO] ark5.main: [CV] HUMAN STANDING detected (conf=0.53)
2026-09-19 14:25:14,096 [INFO] ark5.main: [MAP] Human logged — resuming...
2026-09-19 14:25:15,108 [INFO] ark5.main: [CV] HUMAN STANDING detected (conf=0.52)
2026-09-19 14:25:17,197 [INFO] ark5.main: [MAP] Human logged — resuming...
2026-09-19 14:25:17,783 [INFO] ark5.main: MAP & TRAJECTORY saved -> robot1_map.txt & robot1_movement_log.txt
2026-09-19 14:25:17,783 [INFO] ark5.main: [CV] HUMAN STANDING detected (conf=0.54)
2026-09-19 14:25:19,789 [INFO] ark5.main: [MAP] Human logged — resuming...
2026-09-19 14:25:20,011 [INFO] ark5.main: [CV] HUMAN STANDING detected (conf=0.54)
2026-09-19 14:25:22,114 [INFO] ark5.main: [MAP] Human logged — resuming...
2026-09-19 14:25:22,130 [INFO] ark5.main: [CV] HUMAN STANDING detected (conf=0.53)
2026-09-19 14:25:23,478 [INFO] ark5.main: MAP & TRAJECTORY saved -> robot1_map.txt & robot1_movement_log.txt
2026-09-19 14:25:24,173 [INFO] ark5.main: [MAP] Human logged — resuming...
2026-09-19 14:25:25,599 [INFO] ark5.main: [CV] HUMAN STANDING detected (conf=0.56)
2026-09-19 14:25:27,638 [INFO] ark5.main: [MAP] Human logged — resuming...
2026-09-19 14:25:29,347 [INFO] ark5.main: MAP & TRAJECTORY saved -> robot1_map.txt & robot1_movement_log.txt
2026-09-19 14:25:29,347 [INFO] ark5.main: [CV] HUMAN STANDING detected (conf=0.60)
2026-09-19 14:25:31,381 [INFO] ark5.main: [MAP] Human logged — resuming...
2026-09-19 14:25:31,823 [INFO] ark5.main: [CV] HUMAN STANDING detected (conf=0.52)
2026-09-19 14:25:33,927 [INFO] ark5.main: [MAP] Human logged — resuming...
2026-09-19 14:25:35,083 [INFO] ark5.main: MAP & TRAJECTORY saved -> robot1_map.txt & robot1_movement_log.txt
2026-09-19 14:25:35,084 [INFO] ark5.main: [CV] HUMAN FALLEN detected (conf=0.45)
2026-09-19 14:25:37,126 [INFO] ark5.main: [MAP] Human logged — resuming...
2026-09-19 14:25:38,121 [INFO] ark5.main: [CV] HUMAN FALLEN detected (conf=0.43)
2026-09-19 14:25:39,977 [INFO] ark5.main: MAP & TRAJECTORY saved -> robot1_map.txt & robot1_movement_log.txt
2026-09-19 14:25:40,229 [INFO] ark5.main: [MAP] Human logged — resuming...
2026-09-19 14:25:40,244 [INFO] ark5.main: [CV] HUMAN STANDING detected (conf=0.51)
2026-09-19 14:25:42,434 [INFO] ark5.main: [MAP] Human logged — resuming...
2026-09-19 14:25:52,882 [INFO] ark5.main: MAP & TRAJECTORY saved -> robot1_map.txt & robot1_movement_log.txt
2026-09-19 14:25:52,882 [INFO] ark5.main: [CV] HUMAN FALLEN detected (conf=0.44)
2026-09-19 14:25:54,969 [INFO] ark5.main: [MAP] Human logged — resuming...
2026-09-19 14:25:55,783 [INFO] ark5.main: [CV] HUMAN FALLEN detected (conf=0.49)
2026-09-19 14:25:57,883 [INFO] ark5.main: [MAP] Human logged — resuming...
2026-09-19 14:25:58,318 [INFO] ark5.main: MAP & TRAJECTORY saved -> robot1_map.txt & robot1_movement_log.txt
2026-09-19 14:25:58,318 [INFO] ark5.main: [CV] HUMAN STANDING detected (conf=0.54)
2026-09-19 14:26:00,435 [INFO] ark5.main: [MAP] Human logged — resuming...
2026-09-19 14:26:02,380 [INFO] ark5.main: [CV] HUMAN FALLEN detected (conf=0.47)
2026-09-19 14:26:04,500 [INFO] ark5.main: [MAP] Human logged — resuming...
2026-09-19 14:26:05,955 [INFO] ark5.main: MAP & TRAJECTORY saved -> robot1_map.txt & robot1_movement_log.txt
2026-09-19 14:26:05,956 [INFO] ark5.main: [CV] HUMAN FALLEN detected (conf=0.40)
2026-09-19 14:26:08,039 [INFO] ark5.main: [MAP] Human logged — resuming...
2026-09-19 14:26:08,340 [INFO] ark5.main: [CV] HUMAN FALLEN detected (conf=0.41)
2026-09-19 14:26:10,346 [INFO] ark5.main: [MAP] Human logged — resuming...
2026-09-19 14:26:10,816 [INFO] ark5.main: [CV] HUMAN STANDING detected (conf=0.52)
2026-09-19 14:26:10,833 [INFO] ark5.main: MAP & TRAJECTORY saved -> robot1_map.txt & robot1_movement_log.txt
2026-09-19 14:26:12,887 [INFO] ark5.main: [MAP] Human logged — resuming...
2026-09-19 14:26:13,315 [INFO] ark5.main: [CV] HUMAN STANDING detected (conf=0.56)
2026-09-19 14:26:15,612 [INFO] ark5.main: [MAP] Human logged — resuming...
2026-09-19 14:26:15,792 [INFO] ark5.main: [CV] HUMAN FALLEN detected (conf=0.41)
2026-09-19 14:26:16,203 [INFO] ark5.main: MAP & TRAJECTORY saved -> robot1_map.txt & robot1_movement_log.txt
2026-09-19 14:26:17,879 [INFO] ark5.main: [MAP] Human logged — resuming...
2026-09-19 14:26:19,501 [INFO] ark5.main: [CV] HUMAN STANDING detected (conf=0.57)
2026-09-19 14:26:21,092 [INFO] ark5.main: MAP & TRAJECTORY saved -> robot1_map.txt & robot1_movement_log.txt
2026-09-19 14:26:21,584 [INFO] ark5.main: [MAP] Human logged — resuming...
2026-09-19 14:26:21,600 [INFO] ark5.main: [CV] HUMAN STANDING detected (conf=0.69)
2026-09-19 14:26:23,708 [INFO] ark5.main: [MAP] Human logged — resuming...
2026-09-19 14:26:26,210 [INFO] ark5.main: MAP & TRAJECTORY saved -> robot1_map.txt & robot1_movement_log.txt
2026-09-19 14:26:26,211 [INFO] ark5.main: [CV] PERSON detected (conf=0.55)
2026-09-19 14:26:28,304 [INFO] ark5.main: [MAP] Human logged — resuming...
2026-09-19 14:26:30,354 [INFO] ark5.main: [CV] HUMAN STANDING detected (conf=0.57)
2026-09-19 14:26:32,390 [INFO] ark5.main: [MAP] Human logged — resuming...
2026-09-19 14:26:40,981 [INFO] ark5.main: MAP & TRAJECTORY saved -> robot1_map.txt & robot1_movement_log.txt
2026-09-19 14:26:40,981 [INFO] ark5.main: [CV] HUMAN STANDING detected (conf=0.51)
2026-09-19 14:26:43,017 [INFO] ark5.main: [MAP] Human logged — resuming...
2026-09-19 14:26:43,543 [INFO] ark5.main: [CV] HUMAN STANDING detected (conf=0.56)
2026-09-19 14:26:45,590 [INFO] ark5.main: [MAP] Human logged — resuming...
2026-09-19 14:26:49,480 [INFO] ark5.main: MAP & TRAJECTORY saved -> robot1_map.txt & robot1_movement_log.txt
2026-09-19 14:26:49,480 [INFO] ark5.main: [CV] HUMAN STANDING detected (conf=0.52)
2026-09-19 14:26:51,562 [INFO] ark5.main: [MAP] Human logged — resuming...
2026-09-19 14:26:52,660 [INFO] ark5.main: [CV] HUMAN STANDING detected (conf=0.54)
2026-09-19 14:26:54,667 [INFO] ark5.main: [MAP] Human logged — resuming...
2026-09-19 14:27:05,830 [INFO] ark5.main: MAP & TRAJECTORY saved -> robot1_map.txt & robot1_movement_log.txt
2026-09-19 14:27:05,830 [INFO] ark5.main: [CV] HUMAN STANDING detected (conf=0.58)
2026-09-19 14:27:07,899 [INFO] ark5.main: [MAP] Human logged — resuming...
2026-09-19 14:27:10,214 [INFO] ark5.main: [CV] HUMAN STANDING detected (conf=0.61)
2026-09-19 14:27:12,217 [INFO] ark5.main: [MAP] Human logged — resuming...
2026-09-19 14:27:13,712 [INFO] ark5.main: MAP & TRAJECTORY saved -> robot1_map.txt & robot1_movement_log.txt
2026-09-19 14:27:13,712 [INFO] ark5.main: [CV] HUMAN STANDING detected (conf=0.53)
2026-09-19 14:27:15,780 [INFO] ark5.main: [MAP] Human logged — resuming...
2026-09-19 14:27:49,697 [INFO] ark5.main: MAP & TRAJECTORY saved -> robot1_map.txt & robot1_movement_log.txt
2026-09-19 14:27:49,697 [INFO] ark5.main: [CV] HUMAN STANDING detected (conf=0.63)
2026-09-19 14:27:51,722 [INFO] ark5.main: [MAP] Human logged — resuming...
2026-09-19 14:28:00,465 [INFO] ark5.main: MAP & TRAJECTORY saved -> robot1_map.txt & robot1_movement_log.txt
2026-09-19 14:28:00,466 [INFO] ark5.main: [CV] HUMAN STANDING detected (conf=0.63)
2026-09-19 14:28:02,535 [INFO] ark5.main: [MAP] Human logged — resuming...
2026-09-19 14:28:14,331 [INFO] ark5.main: MAP & TRAJECTORY saved -> robot1_map.txt & robot1_movement_log.txt
2026-09-19 14:28:14,332 [INFO] ark5.main: [CV] HUMAN STANDING detected (conf=0.50)
2026-09-19 14:28:16,368 [INFO] ark5.main: [MAP] Human logged — resuming...
2026-09-19 14:28:26,946 [INFO] ark5.main: MAP & TRAJECTORY saved -> robot1_map.txt & robot1_movement_log.txt
2026-09-19 14:28:26,946 [INFO] ark5.main: [CV] PERSON detected (conf=0.59)
2026-09-19 14:28:28,971 [INFO] ark5.main: [MAP] Human logged — resuming...
2026-09-19 14:28:31,020 [INFO] ark5.main: [CV] HUMAN STANDING detected (conf=0.53)
2026-09-19 14:28:33,025 [INFO] ark5.main: [MAP] Human logged — resuming...
2026-09-19 14:28:37,029 [INFO] ark5.main: MAP & TRAJECTORY saved -> robot1_map.txt & robot1_movement_log.txt
2026-09-19 14:28:37,029 [INFO] ark5.main: [CV] HUMAN FALLEN detected (conf=0.45)
2026-09-19 14:28:39,045 [INFO] ark5.main: [MAP] Human logged — resuming...
2026-09-19 14:28:42,753 [INFO] ark5.main: MAP & TRAJECTORY saved -> robot1_map.txt & robot1_movement_log.txt
2026-09-19 14:28:42,754 [INFO] ark5.main: [CV] HUMAN STANDING detected (conf=0.59)
2026-09-19 14:28:44,793 [INFO] ark5.main: [MAP] Human logged — resuming...
2026-09-19 14:28:46,532 [INFO] ark5.main: [CV] HUMAN STANDING detected (conf=0.54)
2026-09-19 14:28:48,579 [INFO] ark5.main: [MAP] Human logged — resuming...
2026-09-19 14:28:49,260 [INFO] ark5.main: MAP & TRAJECTORY saved -> robot1_map.txt & robot1_movement_log.txt
2026-09-19 14:28:49,260 [INFO] ark5.main: [CV] HUMAN STANDING detected (conf=0.53)
2026-09-19 14:28:51,357 [INFO] ark5.main: [MAP] Human logged — resuming...
2026-09-19 14:28:51,772 [INFO] ark5.main: [CV] HUMAN STANDING detected (conf=0.55)
2026-09-19 14:28:54,132 [INFO] ark5.main: [MAP] Human logged — resuming...
2026-09-19 14:28:56,692 [INFO] ark5.main: MAP & TRAJECTORY saved -> robot1_map.txt & robot1_movement_log.txt
2026-09-19 14:28:56,692 [INFO] ark5.main: [CV] HUMAN STANDING detected (conf=0.50)
2026-09-19 14:28:58,712 [INFO] ark5.main: [MAP] Human logged — resuming...
2026-09-19 14:29:12,558 [INFO] ark5.main: MAP & TRAJECTORY saved -> robot1_map.txt & robot1_movement_log.txt
2026-09-19 14:29:12,559 [INFO] ark5.main: [CV] HUMAN STANDING detected (conf=0.56)
2026-09-19 14:29:14,655 [INFO] ark5.main: [MAP] Human logged — resuming...
2026-09-19 14:29:16,342 [INFO] ark5.main: [CV] HUMAN STANDING detected (conf=0.53)
2026-09-19 14:29:18,026 [INFO] ark5.main: MAP & TRAJECTORY saved -> robot1_map.txt & robot1_movement_log.txt
2026-09-19 14:29:18,428 [INFO] ark5.main: [MAP] Human logged — resuming...
2026-09-19 14:29:26,592 [INFO] ark5.main: MAP & TRAJECTORY saved -> robot1_map.txt & robot1_movement_log.txt
2026-09-19 14:29:26,600 [INFO] ark5.main: [CV] HUMAN STANDING detected (conf=0.51)
2026-09-19 14:29:28,594 [INFO] ark5.main: [MAP] Human logged — resuming...
2026-09-19 14:29:35,306 [INFO] ark5.main: MAP & TRAJECTORY saved -> robot1_map.txt & robot1_movement_log.txt
2026-09-19 14:29:35,306 [INFO] ark5.main: [CV] HUMAN FALLEN detected (conf=0.44)
2026-09-19 14:29:37,328 [INFO] ark5.main: [MAP] Human logged — resuming...
2026-09-19 14:29:50,303 [INFO] ark5.main: MAP & TRAJECTORY saved -> robot1_map.txt & robot1_movement_log.txt
2026-09-19 14:29:50,303 [INFO] ark5.main: [CV] HUMAN STANDING detected (conf=0.50)
2026-09-19 14:29:52,381 [INFO] ark5.main: [MAP] Human logged — resuming...
2026-09-19 14:29:55,191 [INFO] ark5.main: [CV] HUMAN STANDING detected (conf=0.54)
2026-09-19 14:29:57,208 [INFO] ark5.main: [MAP] Human logged — resuming...
2026-09-19 14:29:57,349 [INFO] ark5.main: MAP & TRAJECTORY saved -> robot1_map.txt & robot1_movement_log.txt
2026-09-19 14:29:57,350 [INFO] ark5.main: [CV] HUMAN STANDING detected (conf=0.56)
2026-09-19 14:29:59,408 [INFO] ark5.main: [MAP] Human logged — resuming...
2026-09-19 14:29:59,875 [INFO] ark5.main: [CV] HUMAN FALLEN detected (conf=0.43)
2026-09-19 14:30:01,880 [INFO] ark5.main: [MAP] Human logged — resuming...
2026-09-19 14:30:02,912 [INFO] ark5.main: MAP & TRAJECTORY saved -> robot1_map.txt & robot1_movement_log.txt
2026-09-19 14:30:02,912 [INFO] ark5.main: [CV] HUMAN STANDING detected (conf=0.52)
2026-09-19 14:30:05,010 [INFO] ark5.main: [MAP] Human logged — resuming...
2026-09-19 14:30:05,129 [INFO] ark5.main: [CV] HUMAN FALLEN detected (conf=0.42)
2026-09-19 14:30:07,129 [INFO] ark5.main: [MAP] Human logged — resuming...
2026-09-19 14:30:07,824 [INFO] ark5.main: [CV] HUMAN FALLEN detected (conf=0.47)
2026-09-19 14:30:07,836 [INFO] ark5.main: MAP & TRAJECTORY saved -> robot1_map.txt & robot1_movement_log.txt
2026-09-19 14:30:09,848 [INFO] ark5.main: [MAP] Human logged — resuming...
2026-09-19 14:30:10,347 [INFO] ark5.main: [CV] HUMAN STANDING detected (conf=0.66)
2026-09-19 14:30:12,351 [INFO] ark5.main: [MAP] Human logged — resuming...
2026-09-19 14:30:13,098 [INFO] ark5.main: MAP & TRAJECTORY saved -> robot1_map.txt & robot1_movement_log.txt
2026-09-19 14:30:13,098 [INFO] ark5.main: [CV] HUMAN FALLEN detected (conf=0.56)
2026-09-19 14:30:15,181 [INFO] ark5.main: [MAP] Human logged — resuming...
2026-09-19 14:30:15,462 [INFO] ark5.main: [CV] HUMAN FALLEN detected (conf=0.40)
2026-09-19 14:30:17,515 [INFO] ark5.main: [MAP] Human logged — resuming...
2026-09-19 14:30:19,235 [INFO] ark5.main: MAP & TRAJECTORY saved -> robot1_map.txt & robot1_movement_log.txt
2026-09-19 14:30:19,235 [INFO] ark5.main: [CV] HUMAN STANDING detected (conf=0.50)
2026-09-19 14:30:21,317 [INFO] ark5.main: [MAP] Human logged — resuming...
2026-09-19 14:30:21,333 [INFO] ark5.main: [CV] HUMAN FALLEN detected (conf=0.44)
2026-09-19 14:30:23,466 [INFO] ark5.main: [MAP] Human logged — resuming...
2026-09-19 14:30:23,748 [INFO] ark5.main: [CV] HUMAN STANDING detected (conf=0.55)
2026-09-19 14:30:24,326 [INFO] ark5.main: MAP & TRAJECTORY saved -> robot1_map.txt & robot1_movement_log.txt
2026-09-19 14:30:25,811 [INFO] ark5.main: [MAP] Human logged — resuming...
2026-09-19 14:30:25,827 [INFO] ark5.main: [CV] HUMAN STANDING detected (conf=0.62)
2026-09-19 14:30:27,909 [INFO] ark5.main: [MAP] Human logged — resuming...
2026-09-19 14:30:29,546 [INFO] ark5.main: MAP & TRAJECTORY saved -> robot1_map.txt & robot1_movement_log.txt
2026-09-19 14:30:29,547 [INFO] ark5.main: [CV] HUMAN STANDING detected (conf=0.58)
2026-09-19 14:30:31,617 [INFO] ark5.main: [MAP] Human logged — resuming...
2026-09-19 14:30:34,412 [INFO] ark5.main: [CV] HUMAN FALLEN detected (conf=0.43)
2026-09-19 14:30:35,108 [INFO] ark5.main: MAP & TRAJECTORY saved -> robot1_map.txt & robot1_movement_log.txt
2026-09-19 14:30:36,484 [INFO] ark5.main: [MAP] Human logged — resuming...
2026-09-19 14:30:39,225 [INFO] ark5.main: [CV] HUMAN STANDING detected (conf=0.59)
2026-09-19 14:30:41,234 [INFO] ark5.main: [MAP] Human logged — resuming...
2026-09-19 14:30:44,935 [INFO] ark5.main: MAP & TRAJECTORY saved -> robot1_map.txt & robot1_movement_log.txt
2026-09-19 14:30:44,935 [INFO] ark5.main: [CV] HUMAN STANDING detected (conf=0.63)
2026-09-19 14:30:46,935 [INFO] ark5.main: [MAP] Human logged — resuming...
2026-09-19 14:30:51,273 [INFO] ark5.main: MAP & TRAJECTORY saved -> robot1_map.txt & robot1_movement_log.txt
2026-09-19 14:30:51,274 [INFO] ark5.main: [CV] PERSON detected (conf=0.56)
2026-09-19 14:30:53,282 [INFO] ark5.main: [MAP] Human logged — resuming...
2026-09-19 14:31:03,843 [INFO] ark5.main: MAP & TRAJECTORY saved -> robot1_map.txt & robot1_movement_log.txt
2026-09-19 14:31:03,844 [INFO] ark5.main: [CV] HUMAN FALLEN detected (conf=0.59)
2026-09-19 14:31:05,846 [INFO] ark5.main: [MAP] Human logged — resuming...
2026-09-19 14:31:12,754 [INFO] ark5.main: MAP & TRAJECTORY saved -> robot1_map.txt & robot1_movement_log.txt
2026-09-19 14:31:12,755 [INFO] ark5.main: [CV] HUMAN FALLEN detected (conf=0.47)
2026-09-19 14:31:14,772 [INFO] ark5.main: [MAP] Human logged — resuming...
2026-09-19 14:31:23,828 [INFO] ark5.main: MAP & TRAJECTORY saved -> robot1_map.txt & robot1_movement_log.txt
2026-09-19 14:31:23,828 [INFO] ark5.main: [CV] HUMAN STANDING detected (conf=0.52)
2026-09-19 14:31:25,845 [INFO] ark5.main: [MAP] Human logged — resuming...
2026-09-19 14:31:26,800 [INFO] ark5.main: [CV] HUMAN STANDING detected (conf=0.57)
2026-09-19 14:31:28,863 [INFO] ark5.main: [MAP] Human logged — resuming...
2026-09-19 14:31:29,750 [INFO] ark5.main: MAP & TRAJECTORY saved -> robot1_map.txt & robot1_movement_log.txt
2026-09-19 14:31:29,751 [INFO] ark5.main: [CV] HUMAN STANDING detected (conf=0.52)
2026-09-19 14:31:31,816 [INFO] ark5.main: [MAP] Human logged — resuming...
2026-09-19 14:31:32,719 [INFO] ark5.main: [CV] HUMAN FALLEN detected (conf=0.45)
2026-09-19 14:31:34,803 [INFO] ark5.main: [MAP] Human logged — resuming...
2026-09-19 14:31:36,124 [INFO] ark5.main: MAP & TRAJECTORY saved -> robot1_map.txt & robot1_movement_log.txt
2026-09-19 14:31:36,124 [INFO] ark5.main: [CV] HUMAN STANDING detected (conf=0.50)
2026-09-19 14:31:38,220 [INFO] ark5.main: [MAP] Human logged — resuming...
2026-09-19 14:31:40,118 [INFO] ark5.main: [CV] HUMAN FALLEN detected (conf=0.41)
2026-09-19 14:31:42,175 [INFO] ark5.main: [MAP] Human logged — resuming...
2026-09-19 14:31:43,031 [INFO] ark5.main: MAP & TRAJECTORY saved -> robot1_map.txt & robot1_movement_log.txt
2026-09-19 14:31:43,031 [INFO] ark5.main: [CV] HUMAN FALLEN detected (conf=0.41)
2026-09-19 14:31:45,077 [INFO] ark5.main: [MAP] Human logged — resuming...
2026-09-19 14:31:46,551 [INFO] ark5.main: [CV] PERSON detected (conf=0.57)
2026-09-19 14:31:48,590 [INFO] ark5.main: [MAP] Human logged — resuming...
2026-09-19 14:31:54,004 [INFO] ark5.main: MAP & TRAJECTORY saved -> robot1_map.txt & robot1_movement_log.txt
2026-09-19 14:31:54,004 [INFO] ark5.main: [CV] PERSON detected (conf=0.56)
2026-09-19 14:31:56,003 [INFO] ark5.main: [MAP] Human logged — resuming...
2026-09-19 14:31:56,128 [INFO] ark5.main: [CV] PERSON detected (conf=0.69)
2026-09-19 14:31:58,137 [INFO] ark5.main: [MAP] Human logged — resuming...
2026-09-19 14:31:58,255 [INFO] ark5.main: [CV] PERSON detected (conf=0.71)
2026-09-19 14:31:59,802 [INFO] ark5.main: MAP & TRAJECTORY saved -> robot1_map.txt & robot1_movement_log.txt
2026-09-19 14:32:00,268 [INFO] ark5.main: [MAP] Human logged — resuming...
2026-09-19 14:32:00,706 [INFO] ark5.main: [CV] HUMAN FALLEN detected (conf=0.76)
2026-09-19 14:32:02,720 [INFO] ark5.main: [MAP] Human logged — resuming...
2026-09-19 14:32:02,736 [INFO] ark5.main: [CV] PERSON detected (conf=0.69)
2026-09-19 14:32:04,830 [INFO] ark5.main: [MAP] Human logged — resuming...
2026-09-19 14:32:04,956 [INFO] ark5.main: MAP & TRAJECTORY saved -> robot1_map.txt & robot1_movement_log.txt
2026-09-19 14:32:04,956 [INFO] ark5.main: [CV] PERSON detected (conf=0.60)
2026-09-19 14:32:07,029 [INFO] ark5.main: [MAP] Human logged — resuming...
2026-09-19 14:32:07,263 [INFO] ark5.main: [CV] HUMAN STANDING detected (conf=0.71)
2026-09-19 14:32:09,365 [INFO] ark5.main: [MAP] Human logged — resuming...
2026-09-19 14:32:09,614 [INFO] ark5.main: [CV] HUMAN STANDING detected (conf=0.65)
2026-09-19 14:32:10,066 [INFO] ark5.main: MAP & TRAJECTORY saved -> robot1_map.txt & robot1_movement_log.txt
2026-09-19 14:32:11,631 [INFO] ark5.main: [MAP] Human logged — resuming...
2026-09-19 14:32:11,865 [INFO] ark5.main: [CV] HUMAN STANDING detected (conf=0.57)
2026-09-19 14:32:13,906 [INFO] ark5.main: [MAP] Human logged — resuming...
2026-09-19 14:32:13,921 [INFO] ark5.main: [CV] HUMAN STANDING detected (conf=0.67)
2026-09-19 14:32:15,030 [INFO] ark5.main: MAP & TRAJECTORY saved -> robot1_map.txt & robot1_movement_log.txt
2026-09-19 14:32:15,936 [INFO] ark5.main: [MAP] Human logged — resuming...
2026-09-19 14:32:16,061 [INFO] ark5.main: [CV] HUMAN STANDING detected (conf=0.81)
2026-09-19 14:32:18,147 [INFO] ark5.main: [MAP] Human logged — resuming...
2026-09-19 14:32:18,629 [INFO] ark5.main: [CV] HUMAN FALLEN detected (conf=0.42)
2026-09-19 14:32:20,077 [INFO] ark5.main: MAP & TRAJECTORY saved -> robot1_map.txt & robot1_movement_log.txt
2026-09-19 14:32:20,703 [INFO] ark5.main: [MAP] Human logged — resuming...
2026-09-19 14:32:20,718 [INFO] ark5.main: [CV] HUMAN STANDING detected (conf=0.65)
2026-09-19 14:32:22,746 [INFO] ark5.main: [MAP] Human logged — resuming...
2026-09-19 14:32:22,777 [INFO] ark5.main: [CV] HUMAN STANDING detected (conf=0.53)
2026-09-19 14:32:24,877 [INFO] ark5.main: [MAP] Human logged — resuming...
2026-09-19 14:32:24,908 [INFO] ark5.main: [CV] HUMAN STANDING detected (conf=0.60)
2026-09-19 14:32:25,142 [INFO] ark5.main: MAP & TRAJECTORY saved -> robot1_map.txt & robot1_movement_log.txt
2026-09-19 14:32:26,956 [INFO] ark5.main: [MAP] Human logged — resuming...
2026-09-19 14:32:28,452 [INFO] ark5.main: [CV] HUMAN STANDING detected (conf=0.57)
2026-09-19 14:32:30,569 [INFO] ark5.main: [MAP] Human logged — resuming...
2026-09-19 14:32:31,707 [INFO] ark5.main: MAP & TRAJECTORY saved -> robot1_map.txt & robot1_movement_log.txt
2026-09-19 14:32:31,707 [INFO] ark5.main: [CV] HUMAN STANDING detected (conf=0.52)
2026-09-19 14:32:33,729 [INFO] ark5.main: [MAP] Human logged — resuming...
2026-09-19 14:32:38,187 [INFO] ark5.main: MAP & TRAJECTORY saved -> robot1_map.txt & robot1_movement_log.txt
2026-09-19 14:32:38,188 [INFO] ark5.main: [CV] HUMAN STANDING detected (conf=0.56)
2026-09-19 14:32:40,232 [INFO] ark5.main: [MAP] Human logged — resuming...
2026-09-19 14:32:40,622 [INFO] ark5.main: [CV] HUMAN STANDING detected (conf=0.54)
2026-09-19 14:32:42,630 [INFO] ark5.main: [MAP] Human logged — resuming...
2026-09-19 14:32:42,754 [INFO] ark5.main: [CV] HUMAN STANDING detected (conf=0.54)
2026-09-19 14:32:43,550 [INFO] ark5.main: MAP & TRAJECTORY saved -> robot1_map.txt & robot1_movement_log.txt
2026-09-19 14:32:44,854 [INFO] ark5.main: [MAP] Human logged — resuming...
2026-09-19 14:32:44,979 [INFO] ark5.main: [CV] HUMAN STANDING detected (conf=0.59)
2026-09-19 14:32:46,985 [INFO] ark5.main: [MAP] Human logged — resuming...
2026-09-19 14:32:47,138 [INFO] ark5.main: [CV] HUMAN STANDING detected (conf=0.60)
2026-09-19 14:32:48,820 [INFO] ark5.main: MAP & TRAJECTORY saved -> robot1_map.txt & robot1_movement_log.txt
2026-09-19 14:32:49,238 [INFO] ark5.main: [MAP] Human logged — resuming...
2026-09-19 14:32:50,890 [INFO] ark5.main: [CV] HUMAN STANDING detected (conf=0.55)
2026-09-19 14:32:52,974 [INFO] ark5.main: [MAP] Human logged — resuming...
2026-09-19 14:32:53,776 [INFO] ark5.main: [CV] HUMAN STANDING detected (conf=0.53)
2026-09-19 14:32:53,793 [INFO] ark5.main: MAP & TRAJECTORY saved -> robot1_map.txt & robot1_movement_log.txt
2026-09-19 14:32:55,829 [INFO] ark5.main: [MAP] Human logged — resuming...
2026-09-19 14:32:57,197 [INFO] ark5.main: [CV] HUMAN STANDING detected (conf=0.52)
2026-09-19 14:32:59,274 [INFO] ark5.main: [MAP] Human logged — resuming...
2026-09-19 14:32:59,903 [INFO] ark5.main: MAP & TRAJECTORY saved -> robot1_map.txt & robot1_movement_log.txt
2026-09-19 14:32:59,904 [INFO] ark5.main: [CV] HUMAN STANDING detected (conf=0.52)
2026-09-19 14:33:01,989 [INFO] ark5.main: [MAP] Human logged — resuming...
2026-09-19 14:33:10,391 [INFO] ark5.main: MAP & TRAJECTORY saved -> robot1_map.txt & robot1_movement_log.txt
2026-09-19 14:33:10,391 [INFO] ark5.main: [CV] HUMAN FALLEN detected (conf=0.55)
2026-09-19 14:33:12,533 [INFO] ark5.main: [MAP] Human logged — resuming...
2026-09-19 14:33:19,104 [INFO] ark5.main: MAP & TRAJECTORY saved -> robot1_map.txt & robot1_movement_log.txt
2026-09-19 14:33:19,104 [INFO] ark5.main: [CV] PERSON detected (conf=0.57)
2026-09-19 14:33:20,695 [INFO] ark5.main: Final 2D Map -> E:\ARK5_Finally fixed\ARK_5\human_detector_robot\maps\robot1_map.txt
2026-09-19 14:33:20,695 [INFO] ark5.main: Final MPU/Sonar Trajectory Log -> E:\ARK5_Finally fixed\ARK_5\human_detector_robot\maps\robot1_movement_log.txt
2026-09-19 14:35:04,506 [INFO] ark5.main: =======================================================
2026-09-19 14:35:04,506 [INFO] ark5.main:   ARK-5 Human Detector — Brain Starting for ROBOT #1
2026-09-19 14:35:04,506 [INFO] ark5.main:   ESP32 Host    : 192.168.137.11:4210 (Telem port: 4211)
2026-09-19 14:35:04,506 [INFO] ark5.main:   Camera Stream : http://192.168.137.10:81/stream
2026-09-19 14:35:04,507 [INFO] ark5.main: =======================================================
2026-09-19 14:35:06,770 [INFO] ark5.vision: Loading YOLO weights: E:\ARK5_Finally fixed\ARK_5\human_detector_robot\models\yolo11n.pt
2026-09-19 14:35:10,802 [INFO] ark5.main: Camera Stream OK (http://192.168.137.246:81/stream)
2026-09-19 14:35:10,804 [INFO] ark5.main: 2D ASCII Map file       : E:\ARK5_Finally fixed\ARK_5\human_detector_robot\maps\robot1_map.txt
2026-09-19 14:35:10,804 [INFO] ark5.main: Movement/Trajectory Log : E:\ARK5_Finally fixed\ARK_5\human_detector_robot\maps\robot1_movement_log.txt
2026-09-19 14:35:10,804 [INFO] ark5.main: READY — Press Q to quit.
2026-09-19 14:35:10,888 [WARNING] ark5.main: FAILSAFE: infs se robot se telemetry nahi aayi — motors STOP
2026-09-19 14:35:11,058 [INFO] ark5.udp: Auto-discovered Robot ESP32 at IP: 192.168.137.153 (updated from 192.168.137.11)
2026-09-19 14:35:11,059 [INFO] ark5.main: Telemetry link wapis aa gaya — failsafe hata diya
2026-09-19 14:35:11,059 [INFO] ark5.main: [SONAR] Wall at 88cm — stopping
2026-09-19 14:35:11,064 [INFO] ark5.main: [SCAN] Creep to 30-40cm (robot will rotate in place next)...
2026-09-19 14:35:12,187 [INFO] ark5.main: MAP & TRAJECTORY saved -> robot1_map.txt & robot1_movement_log.txt
2026-09-19 14:35:12,188 [INFO] ark5.main: [CV] HUMAN STANDING detected (conf=0.51)
2026-09-19 14:35:14,214 [INFO] ark5.main: [MAP] Human logged — continuing scan...
2026-09-19 14:35:15,337 [INFO] ark5.main: [CV] HUMAN FALLEN detected (conf=0.42)
2026-09-19 14:35:17,317 [INFO] ark5.main: MAP & TRAJECTORY saved -> robot1_map.txt & robot1_movement_log.txt
2026-09-19 14:35:17,356 [INFO] ark5.main: [MAP] Human logged — continuing scan...
2026-09-19 14:35:17,909 [INFO] ark5.main: [CV] HUMAN STANDING detected (conf=0.55)
2026-09-19 14:35:19,935 [INFO] ark5.main: [MAP] Human logged — continuing scan...
2026-09-19 14:35:20,044 [INFO] ark5.main: [SCAN] Too close (19cm) — reverse
2026-09-19 14:35:20,167 [INFO] ark5.main: [CV] HUMAN FALLEN detected (conf=0.40)
2026-09-19 14:35:22,207 [INFO] ark5.main: [MAP] Human logged — continuing scan...
2026-09-19 14:35:22,298 [INFO] ark5.main: [CV] HUMAN STANDING detected (conf=0.56)
2026-09-19 14:35:22,310 [INFO] ark5.main: MAP & TRAJECTORY saved -> robot1_map.txt & robot1_movement_log.txt
2026-09-19 14:35:24,327 [INFO] ark5.main: [MAP] Human logged — continuing scan...
2026-09-19 14:35:24,428 [INFO] ark5.main: HUMAN_POSSIBLE_BEHIND_WALL
2026-09-19 14:35:26,435 [INFO] ark5.main: [MAP] Human logged — continuing scan...
2026-09-19 14:35:26,477 [INFO] ark5.main: [CV] HUMAN FALLEN detected (conf=0.53)
2026-09-19 14:35:27,418 [INFO] ark5.main: MAP & TRAJECTORY saved -> robot1_map.txt & robot1_movement_log.txt
2026-09-19 14:35:28,523 [INFO] ark5.main: [MAP] Human logged — continuing scan...
2026-09-19 14:35:28,538 [INFO] ark5.main: HUMAN_POSSIBLE_BEHIND_WALL
2026-09-19 14:35:30,552 [INFO] ark5.main: [MAP] Human logged — continuing scan...
2026-09-19 14:35:30,558 [INFO] ark5.main: [CV] HUMAN STANDING detected (conf=0.57)
2026-09-19 14:35:32,371 [INFO] ark5.main: MAP & TRAJECTORY saved -> robot1_map.txt & robot1_movement_log.txt
2026-09-19 14:35:32,586 [INFO] ark5.main: [MAP] Human logged — continuing scan...
2026-09-19 14:35:32,623 [INFO] ark5.main: [CV] HUMAN FALLEN detected (conf=0.42)
2026-09-19 14:35:34,665 [INFO] ark5.main: [MAP] Human logged — continuing scan...
2026-09-19 14:35:34,692 [INFO] ark5.main: HUMAN_POSSIBLE_BEHIND_WALL
2026-09-19 14:35:36,796 [INFO] ark5.main: [MAP] Human logged — continuing scan...
2026-09-19 14:35:36,802 [INFO] ark5.main: [CV] PERSON detected (conf=0.58)
2026-09-19 14:35:37,412 [INFO] ark5.main: MAP & TRAJECTORY saved -> robot1_map.txt & robot1_movement_log.txt
2026-09-19 14:35:38,876 [INFO] ark5.main: [MAP] Human logged — continuing scan...
2026-09-19 14:35:38,910 [INFO] ark5.main: HUMAN_POSSIBLE_BEHIND_WALL
2026-09-19 14:35:40,912 [INFO] ark5.main: [MAP] Human logged — continuing scan...
2026-09-19 14:35:40,932 [INFO] ark5.main: [CV] PERSON detected (conf=0.59)
2026-09-19 14:35:42,496 [INFO] ark5.main: MAP & TRAJECTORY saved -> robot1_map.txt & robot1_movement_log.txt
2026-09-19 14:35:42,941 [INFO] ark5.main: [MAP] Human logged — continuing scan...
2026-09-19 14:35:42,969 [INFO] ark5.main: HUMAN_POSSIBLE_BEHIND_WALL
2026-09-19 14:35:43,193 [INFO] ark5.main: Final 2D Map -> E:\ARK5_Finally fixed\ARK_5\human_detector_robot\maps\robot1_map.txt
2026-09-19 14:35:43,193 [INFO] ark5.main: Final MPU/Sonar Trajectory Log -> E:\ARK5_Finally fixed\ARK_5\human_detector_robot\maps\robot1_movement_log.txt
2026-09-28 23:24:11,963 [INFO] ark5.main: =======================================================
2026-09-28 23:24:11,964 [INFO] ark5.main:   ARK-5 Human Detector — Brain Starting for ROBOT #1
2026-09-28 23:24:11,964 [INFO] ark5.main:   ESP32 Host    : 192.168.137.11:4210 (Telem port: 4211)
2026-09-28 23:24:11,964 [INFO] ark5.main:   Camera Stream : http://192.168.137.10:81/stream
2026-09-28 23:24:11,964 [INFO] ark5.main: =======================================================
2026-09-28 23:24:24,588 [INFO] ark5.vision: Loading YOLO weights: C:\Users\User\repos\SS-Magazine-Project\human_detector_robot\models\yolo11n.pt
2026-09-28 23:27:43,193 [WARNING] ark5.vision: Stream read fail — reconnect try ho raha hai: http://192.168.137.10:81/stream
2026-09-28 23:27:43,194 [INFO] ark5.main: Camera Stream OK (http://192.168.137.10:81/stream)
2026-09-28 23:27:43,197 [INFO] ark5.main: 2D ASCII Map file       : C:\Users\User\repos\SS-Magazine-Project\human_detector_robot\maps\robot1_map.txt
2026-09-28 23:27:43,198 [INFO] ark5.main: Movement/Trajectory Log : C:\Users\User\repos\SS-Magazine-Project\human_detector_robot\maps\robot1_movement_log.txt
2026-09-28 23:27:43,198 [INFO] ark5.main: READY — Press Q to quit.
2026-09-28 23:29:14,967 [WARNING] ark5.vision: Stream read fail — reconnect try ho raha hai: http://192.168.137.10:81/stream
2026-09-28 23:29:40,657 [INFO] ark5.main: EXIT: Stopped by user (Ctrl+C).
2026-09-28 23:29:40,663 [INFO] ark5.main: Final 2D Map -> C:\Users\User\repos\SS-Magazine-Project\human_detector_robot\maps\robot1_map.txt
2026-09-28 23:29:40,664 [INFO] ark5.main: Final MPU/Sonar Trajectory Log -> C:\Users\User\repos\SS-Magazine-Project\human_detector_robot\maps\robot1_movement_log.txt
2026-09-29 16:02:59,683 [INFO] ark5.main: =======================================================
2026-09-29 16:02:59,684 [INFO] ark5.main:   ARK-5 Human Detector — Brain Starting for ROBOT #1
2026-09-29 16:02:59,686 [INFO] ark5.main:   ESP32 Host    : 192.168.137.11:4210 (Telem port: 4211)
2026-09-29 16:02:59,686 [INFO] ark5.main:   Camera Stream : http://192.168.137.10:81/stream
2026-09-29 16:02:59,687 [INFO] ark5.main: =======================================================
2026-09-29 16:03:16,620 [INFO] ark5.vision: Loading YOLO weights: C:\Users\User\repos\SS-Magazine-Project\human_detector_robot\models\yolo11n.pt
2026-09-29 16:07:22,124 [INFO] ark5.main: =======================================================
2026-09-29 16:07:22,124 [INFO] ark5.main:   ARK-5 Human Detector — Brain Starting for ROBOT #1
2026-09-29 16:07:22,125 [INFO] ark5.main:   ESP32 Host    : 192.168.137.11:4210 (Telem port: 4211)
2026-09-29 16:07:22,125 [INFO] ark5.main:   Camera Stream : http://192.168.137.10:81/stream
2026-09-29 16:07:22,125 [INFO] ark5.main: =======================================================
2026-09-29 16:07:26,136 [INFO] ark5.vision: Loading YOLO weights: C:\Users\User\repos\SS-Magazine-Project\human_detector_robot\models\yolo11n.pt
2026-09-29 16:07:31,533 [INFO] ark5.main: Camera Stream OK (http://192.168.137.46:81/stream)
2026-09-29 16:07:31,535 [INFO] ark5.main: 2D ASCII Map file       : C:\Users\User\repos\SS-Magazine-Project\human_detector_robot\maps\robot1_map.txt
2026-09-29 16:07:31,536 [INFO] ark5.main: Movement/Trajectory Log : C:\Users\User\repos\SS-Magazine-Project\human_detector_robot\maps\robot1_movement_log.txt
2026-09-29 16:07:31,536 [INFO] ark5.main: READY — Press Q to quit.
2026-09-29 16:07:31,621 [WARNING] ark5.main: FAILSAFE: infs se robot se telemetry nahi aayi — motors STOP
2026-09-29 16:07:31,630 [INFO] ark5.main: [WATCHDOG] State timeout (8s) — reset to CRUISE
2026-09-29 16:07:32,341 [INFO] ark5.udp: Auto-discovered Robot ESP32 at IP: 192.168.137.15 (updated from 192.168.137.11)
2026-09-29 16:07:32,341 [INFO] ark5.main: Telemetry link wapis aa gaya — failsafe hata diya
2026-09-29 16:07:32,345 [INFO] ark5.main: MAP & TRAJECTORY saved -> robot1_map.txt & robot1_movement_log.txt
2026-09-29 16:07:32,346 [INFO] ark5.main: [CV] HUMAN STANDING detected (conf=0.80)
2026-09-29 16:07:34,421 [INFO] ark5.main: [MAP] Human logged — resuming...
2026-09-29 16:07:34,448 [INFO] ark5.main: [CV] HUMAN STANDING detected (conf=0.62)
2026-09-29 16:07:35,703 [INFO] ark5.main: [WATCHDOG] Pose stuck near wall — forcing turn
2026-09-29 16:07:35,729 [INFO] ark5.main: [WATCHDOG] Recovery turn in progress...
2026-09-29 16:07:38,517 [INFO] ark5.main: [MAP] Human logged — resuming...
2026-09-29 16:07:38,530 [INFO] ark5.main: HUMAN_POSSIBLE_BEHIND_WALL
2026-09-29 16:07:39,719 [INFO] ark5.main: [WATCHDOG] Pose stuck near wall — forcing turn
2026-09-29 16:07:39,748 [INFO] ark5.main: [WATCHDOG] Recovery turn in progress...
2026-09-29 16:07:40,744 [INFO] ark5.main: [SCAN] Creep to 30-40cm (robot will rotate in place next)...
2026-09-29 16:07:40,752 [INFO] ark5.main: [SCAN] Too close (9cm) — reverse
2026-09-29 16:07:41,369 [INFO] ark5.main: [SCAN] Too close (10cm) — reverse
2026-09-29 16:07:41,492 [INFO] ark5.main: HUMAN_POSSIBLE_BEHIND_WALL
2026-09-29 16:07:43,504 [INFO] ark5.main: [MAP] Human logged — continuing scan...
2026-09-29 16:07:43,608 [INFO] ark5.main: HUMAN_POSSIBLE_BEHIND_WALL
2026-09-29 16:07:43,722 [INFO] ark5.main: [WATCHDOG] Pose stuck near wall — forcing turn
2026-09-29 16:07:43,754 [INFO] ark5.main: [WATCHDOG] Recovery turn in progress...
2026-09-29 16:07:45,661 [INFO] ark5.main: [MAP] Human logged — continuing scan...
2026-09-29 16:07:45,694 [INFO] ark5.main: HUMAN_POSSIBLE_BEHIND_WALL
2026-09-29 16:07:47,665 [INFO] ark5.main: [WATCHDOG] Pose stuck near wall — forcing turn
2026-09-29 16:07:47,751 [INFO] ark5.main: [WATCHDOG] Recovery turn in progress...
2026-09-29 16:07:50,591 [INFO] ark5.main: HUMAN_POSSIBLE_BEHIND_WALL
2026-09-29 16:07:52,643 [INFO] ark5.main: [MAP] Human logged — continuing scan...
2026-09-29 16:07:52,684 [INFO] ark5.main: HUMAN_POSSIBLE_BEHIND_WALL
2026-09-29 16:07:54,451 [INFO] ark5.main: [WATCHDOG] Pose stuck near wall — forcing turn
2026-09-29 16:07:54,454 [INFO] ark5.main: [WATCHDOG] Recovery turn in progress...
2026-09-29 16:07:55,592 [INFO] ark5.main: HUMAN_POSSIBLE_BEHIND_WALL
2026-09-29 16:07:57,593 [INFO] ark5.main: [MAP] Human logged — continuing scan...
2026-09-29 16:07:57,644 [INFO] ark5.main: [SCAN] Standoff 37cm OK — WiFi scan...
2026-09-29 16:07:58,446 [INFO] ark5.main: [WATCHDOG] Pose stuck near wall — forcing turn
2026-09-29 16:07:58,535 [INFO] ark5.main: [WATCHDOG] Recovery turn in progress...
2026-09-29 16:08:02,474 [INFO] ark5.main: [WATCHDOG] Pose stuck near wall — forcing turn
2026-09-29 16:08:02,570 [INFO] ark5.main: [WATCHDOG] Recovery turn in progress...
2026-09-29 16:08:05,812 [WARNING] ark5.vision: Stream read fail — reconnect try ho raha hai: http://192.168.137.46:81/stream
2026-09-29 16:08:06,487 [INFO] ark5.main: [WATCHDOG] Pose stuck near wall — forcing turn
2026-09-29 16:08:06,587 [INFO] ark5.main: [WATCHDOG] Recovery turn in progress...
2026-09-29 16:08:07,536 [INFO] ark5.main: [WATCHDOG] State timeout (8s) — reset to CRUISE
2026-09-29 16:08:07,559 [INFO] ark5.main: [SONAR] Wall at 45cm — stopping
2026-09-29 16:08:07,675 [INFO] ark5.main: [SCAN] Creep to 30-40cm (robot will rotate in place next)...
2026-09-29 16:08:08,059 [INFO] ark5.main: [CV] HUMAN STANDING detected (conf=0.78)
2026-09-29 16:08:10,075 [INFO] ark5.main: [MAP] Human logged — continuing scan...
2026-09-29 16:08:10,176 [INFO] ark5.main: [CV] HUMAN STANDING detected (conf=0.74)
2026-09-29 16:08:11,529 [INFO] ark5.main: [WATCHDOG] Pose stuck near wall — forcing turn
2026-09-29 16:08:11,629 [INFO] ark5.main: [WATCHDOG] Recovery turn in progress...
2026-09-29 16:08:14,343 [INFO] ark5.main: [MAP] Human logged — continuing scan...
2026-09-29 16:08:14,380 [INFO] ark5.main: [CV] HUMAN FALLEN detected (conf=0.78)
2026-09-29 16:08:15,576 [INFO] ark5.main: [WATCHDOG] Pose stuck near wall — forcing turn
2026-09-29 16:08:15,690 [INFO] ark5.main: [WATCHDOG] Recovery turn in progress...
2026-09-29 16:08:18,020 [WARNING] ark5.main: FAILSAFE: 1.6s se robot se telemetry nahi aayi — motors STOP
2026-09-29 16:08:18,276 [INFO] ark5.main: Telemetry link wapis aa gaya — failsafe hata diya
2026-09-29 16:08:18,473 [INFO] ark5.main: [MAP] Human logged — continuing scan...
2026-09-29 16:08:18,521 [INFO] ark5.main: [CV] HUMAN STANDING detected (conf=0.56)
2026-09-29 16:08:19,701 [INFO] ark5.main: [WATCHDOG] Pose stuck near wall — forcing turn
2026-09-29 16:08:19,762 [INFO] ark5.main: [WATCHDOG] Recovery turn in progress...
2026-09-29 16:08:22,640 [INFO] ark5.main: [MAP] Human logged — continuing scan...
2026-09-29 16:08:22,647 [INFO] ark5.main: [CV] HUMAN STANDING detected (conf=0.56)
2026-09-29 16:08:23,651 [INFO] ark5.main: [WATCHDOG] Pose stuck near wall — forcing turn
2026-09-29 16:08:23,746 [INFO] ark5.main: [WATCHDOG] Recovery turn in progress...
2026-09-29 16:08:24,809 [INFO] ark5.main: [CV] HUMAN STANDING detected (conf=0.56)
2026-09-29 16:08:26,839 [INFO] ark5.main: [MAP] Human logged — continuing scan...
2026-09-29 16:08:26,849 [INFO] ark5.main: [CV] HUMAN STANDING detected (conf=0.56)
2026-09-29 16:08:27,339 [WARNING] ark5.vision: Stream read fail — reconnect try ho raha hai: http://192.168.137.46:81/stream
2026-09-29 16:08:27,679 [INFO] ark5.main: [WATCHDOG] Pose stuck near wall — forcing turn
2026-09-29 16:08:27,774 [INFO] ark5.main: [WATCHDOG] Recovery turn in progress...
2026-09-29 16:08:28,903 [INFO] ark5.main: [MAP] Human logged — continuing scan...
2026-09-29 16:08:28,931 [INFO] ark5.main: [CV] HUMAN STANDING detected (conf=0.55)
2026-09-29 16:08:30,933 [INFO] ark5.main: [MAP] Human logged — continuing scan...
2026-09-29 16:08:30,940 [INFO] ark5.main: [CV] HUMAN FALLEN detected (conf=0.90)
2026-09-29 16:08:31,687 [INFO] ark5.main: [WATCHDOG] Pose stuck near wall — forcing turn
2026-09-29 16:08:31,778 [INFO] ark5.main: [WATCHDOG] Recovery turn in progress...
2026-09-29 16:08:32,970 [INFO] ark5.main: [MAP] Human logged — continuing scan...
2026-09-29 16:08:33,000 [INFO] ark5.main: [CV] HUMAN FALLEN detected (conf=0.91)
2026-09-29 16:08:35,070 [INFO] ark5.main: [MAP] Human logged — continuing scan...
2026-09-29 16:08:35,108 [INFO] ark5.main: [CV] HUMAN STANDING detected (conf=0.53)
2026-09-29 16:08:35,722 [INFO] ark5.main: [WATCHDOG] Pose stuck near wall — forcing turn
2026-09-29 16:08:35,817 [INFO] ark5.main: [WATCHDOG] Recovery turn in progress...
2026-09-29 16:08:37,142 [INFO] ark5.main: [MAP] Human logged — continuing scan...
2026-09-29 16:08:37,149 [INFO] ark5.main: [CV] HUMAN STANDING detected (conf=0.51)
2026-09-29 16:08:39,237 [INFO] ark5.main: [MAP] Human logged — continuing scan...
2026-09-29 16:08:39,244 [INFO] ark5.main: [CV] HUMAN FALLEN detected (conf=0.87)
2026-09-29 16:08:39,709 [INFO] ark5.main: [WATCHDOG] Pose stuck near wall — forcing turn
2026-09-29 16:08:39,784 [INFO] ark5.main: [WATCHDOG] Recovery turn in progress...
2026-09-29 16:08:41,313 [INFO] ark5.main: [MAP] Human logged — continuing scan...
2026-09-29 16:08:41,354 [INFO] ark5.main: [CV] HUMAN FALLEN detected (conf=0.75)
2026-09-29 16:08:43,415 [INFO] ark5.main: [MAP] Human logged — continuing scan...
2026-09-29 16:08:43,452 [INFO] ark5.main: [CV] HUMAN FALLEN detected (conf=0.47)
2026-09-29 16:08:43,812 [INFO] ark5.main: [WATCHDOG] Pose stuck near wall — forcing turn
2026-09-29 16:08:43,902 [INFO] ark5.main: [WATCHDOG] Recovery turn in progress...
2026-09-29 16:08:45,489 [INFO] ark5.main: [MAP] Human logged — continuing scan...
2026-09-29 16:08:45,499 [INFO] ark5.main: [CV] HUMAN FALLEN detected (conf=0.89)
2026-09-29 16:08:47,577 [INFO] ark5.main: [MAP] Human logged — continuing scan...
2026-09-29 16:08:47,590 [INFO] ark5.main: [CV] HUMAN FALLEN detected (conf=0.89)
2026-09-29 16:08:47,946 [INFO] ark5.main: [WATCHDOG] Pose stuck near wall — forcing turn
2026-09-29 16:08:47,981 [INFO] ark5.main: [WATCHDOG] Recovery turn in progress...
2026-09-29 16:08:49,657 [INFO] ark5.main: [MAP] Human logged — continuing scan...
2026-09-29 16:08:49,671 [INFO] ark5.main: [CV] HUMAN FALLEN detected (conf=0.89)
2026-09-29 16:08:51,682 [INFO] ark5.main: [MAP] Human logged — continuing scan...
2026-09-29 16:08:51,767 [INFO] ark5.main: [CV] HUMAN FALLEN detected (conf=0.67)
2026-09-29 16:08:51,904 [INFO] ark5.main: [WATCHDOG] Pose stuck near wall — forcing turn
2026-09-29 16:08:51,936 [INFO] ark5.main: [WATCHDOG] Recovery turn in progress...
2026-09-29 16:08:53,770 [INFO] ark5.main: [MAP] Human logged — continuing scan...
2026-09-29 16:08:53,801 [INFO] ark5.main: [CV] HUMAN FALLEN detected (conf=0.67)
2026-09-29 16:08:55,931 [INFO] ark5.main: [MAP] Human logged — continuing scan...
2026-09-29 16:08:55,943 [INFO] ark5.main: [WATCHDOG] Pose stuck near wall — forcing turn
2026-09-29 16:08:56,149 [INFO] ark5.main: [WATCHDOG] Recovery turn in progress...
2026-09-29 16:08:58,051 [INFO] ark5.main: [MAP] Human logged — continuing scan...
2026-09-29 16:08:58,082 [INFO] ark5.main: [CV] HUMAN FALLEN detected (conf=0.90)
2026-09-29 16:09:00,084 [INFO] ark5.main: [MAP] Human logged — continuing scan...
2026-09-29 16:09:00,127 [INFO] ark5.main: [CV] HUMAN STANDING detected (conf=0.57)
2026-09-29 16:09:02,193 [INFO] ark5.main: [MAP] Human logged — continuing scan...
2026-09-29 16:09:02,231 [INFO] ark5.main: [CV] HUMAN STANDING detected (conf=0.57)
2026-09-29 16:09:02,408 [INFO] ark5.main: [WATCHDOG] Pose stuck near wall — forcing turn
2026-09-29 16:09:02,418 [INFO] ark5.main: [WATCHDOG] Recovery turn in progress...
2026-09-29 16:09:04,272 [INFO] ark5.main: [MAP] Human logged — continuing scan...
2026-09-29 16:09:04,319 [INFO] ark5.main: [CV] HUMAN STANDING detected (conf=0.57)
2026-09-29 16:09:06,358 [INFO] ark5.main: [MAP] Human logged — continuing scan...
2026-09-29 16:09:06,380 [INFO] ark5.main: [WATCHDOG] Pose stuck near wall — forcing turn
2026-09-29 16:09:06,539 [INFO] ark5.main: [WATCHDOG] Recovery turn in progress...
2026-09-29 16:09:08,463 [INFO] ark5.main: [MAP] Human logged — continuing scan...
2026-09-29 16:09:08,502 [INFO] ark5.main: [CV] HUMAN FALLEN detected (conf=0.89)
2026-09-29 16:09:10,407 [INFO] ark5.main: [WATCHDOG] Pose stuck near wall — forcing turn
2026-09-29 16:09:10,580 [INFO] ark5.main: [WATCHDOG] Recovery turn in progress...
2026-09-29 16:09:12,727 [INFO] ark5.main: [MAP] Human logged — continuing scan...
2026-09-29 16:09:12,736 [INFO] ark5.main: [CV] HUMAN FALLEN detected (conf=0.90)
2026-09-29 16:09:14,861 [INFO] ark5.main: [MAP] Human logged — continuing scan...
2026-09-29 16:09:14,870 [INFO] ark5.main: [CV] HUMAN FALLEN detected (conf=0.72)
2026-09-29 16:09:16,468 [INFO] ark5.main: [WATCHDOG] Pose stuck near wall — forcing turn
2026-09-29 16:09:16,477 [INFO] ark5.main: [WATCHDOG] Recovery turn in progress...
2026-09-29 16:09:19,258 [INFO] ark5.main: [MAP] Human logged — continuing scan...
2026-09-29 16:09:19,267 [INFO] ark5.main: [CV] HUMAN FALLEN detected (conf=0.91)
2026-09-29 16:09:20,422 [INFO] ark5.main: [WATCHDOG] Pose stuck near wall — forcing turn
2026-09-29 16:09:20,621 [INFO] ark5.main: [WATCHDOG] Recovery turn in progress...
2026-09-29 16:09:23,365 [INFO] ark5.main: [MAP] Human logged — continuing scan...
2026-09-29 16:09:23,374 [INFO] ark5.main: [CV] HUMAN STANDING detected (conf=0.54)
2026-09-29 16:09:24,725 [INFO] ark5.main: [WATCHDOG] Pose stuck near wall — forcing turn
2026-09-29 16:09:24,868 [INFO] ark5.main: [WATCHDOG] Recovery turn in progress...
2026-09-29 16:09:27,153 [INFO] ark5.main: EXIT: Stopped by user (Ctrl+C).
2026-09-29 16:09:27,157 [INFO] ark5.main: Final 2D Map -> C:\Users\User\repos\SS-Magazine-Project\human_detector_robot\maps\robot1_map.txt
2026-09-29 16:09:27,157 [INFO] ark5.main: Final MPU/Sonar Trajectory Log -> C:\Users\User\repos\SS-Magazine-Project\human_detector_robot\maps\robot1_movement_log.txt
2026-09-29 16:10:53,875 [INFO] ark5.main: =======================================================
2026-09-29 16:10:53,875 [INFO] ark5.main:   ARK-5 Human Detector — Brain Starting for ROBOT #1
2026-09-29 16:10:53,876 [INFO] ark5.main:   ESP32 Host    : 192.168.137.11:4210 (Telem port: 4211)
2026-09-29 16:10:53,876 [INFO] ark5.main:   Camera Stream : http://192.168.137.10:81/stream
2026-09-29 16:10:53,876 [INFO] ark5.main: =======================================================
2026-09-29 16:10:56,656 [INFO] ark5.vision: Loading YOLO weights: C:\Users\User\repos\SS-Magazine-Project\human_detector_robot\models\yolo11n.pt
2026-09-29 16:12:42,668 [INFO] ark5.main: =======================================================
2026-09-29 16:12:42,669 [INFO] ark5.main:   ARK-5 Human Detector — Brain Starting for ROBOT #1
2026-09-29 16:12:42,669 [INFO] ark5.main:   ESP32 Host    : 192.168.137.11:4210 (Telem port: 4211)
2026-09-29 16:12:42,669 [INFO] ark5.main:   Camera Stream : http://192.168.137.10:81/stream
2026-09-29 16:12:42,670 [INFO] ark5.main: =======================================================
2026-09-29 16:12:45,041 [INFO] ark5.vision: Loading YOLO weights: C:\Users\User\repos\SS-Magazine-Project\human_detector_robot\models\yolo11n.pt
2026-09-29 16:12:49,477 [INFO] ark5.main: Camera Stream OK (http://192.168.137.46:81/stream)
2026-09-29 16:12:49,482 [INFO] ark5.main: 2D ASCII Map file       : C:\Users\User\repos\SS-Magazine-Project\human_detector_robot\maps\robot1_map.txt
2026-09-29 16:12:49,483 [INFO] ark5.main: Movement/Trajectory Log : C:\Users\User\repos\SS-Magazine-Project\human_detector_robot\maps\robot1_movement_log.txt
2026-09-29 16:12:49,484 [INFO] ark5.main: READY — Press Q to quit.
2026-09-29 16:12:49,586 [INFO] ark5.udp: Auto-discovered Robot ESP32 at IP: 192.168.137.15 (updated from 192.168.137.11)
2026-09-29 16:12:49,590 [INFO] ark5.main: [SONAR] Wall at 81cm — stopping
2026-09-29 16:12:50,103 [INFO] ark5.main: MAP & TRAJECTORY saved -> robot1_map.txt & robot1_movement_log.txt
2026-09-29 16:12:50,104 [INFO] ark5.main: [CV] HUMAN STANDING detected (conf=0.53)
2026-09-29 16:12:52,178 [INFO] ark5.main: [MAP] Human logged — resuming...
2026-09-29 16:12:52,184 [INFO] ark5.main: [CV] HUMAN STANDING detected (conf=0.53)
2026-09-29 16:12:53,622 [INFO] ark5.main: [WATCHDOG] Pose stuck near wall — forcing turn
2026-09-29 16:12:53,763 [INFO] ark5.main: [WATCHDOG] Recovery turn in progress...
2026-09-29 16:12:56,441 [INFO] ark5.main: [MAP] Human logged — resuming...
2026-09-29 16:12:56,450 [INFO] ark5.main: [CV] HUMAN STANDING detected (conf=0.51)
2026-09-29 16:12:57,629 [INFO] ark5.main: [WATCHDOG] Pose stuck near wall — forcing turn
2026-09-29 16:12:57,783 [INFO] ark5.main: [WATCHDOG] Recovery turn in progress...
2026-09-29 16:13:00,526 [INFO] ark5.main: [MAP] Human logged — resuming...
2026-09-29 16:13:00,535 [INFO] ark5.main: [CV] HUMAN FALLEN detected (conf=0.56)
2026-09-29 16:13:01,737 [INFO] ark5.main: [WATCHDOG] Pose stuck near wall — forcing turn
2026-09-29 16:13:01,903 [INFO] ark5.main: [WATCHDOG] Recovery turn in progress...
2026-09-29 16:13:04,586 [INFO] ark5.main: [MAP] Human logged — resuming...
2026-09-29 16:13:04,595 [INFO] ark5.main: [CV] HUMAN STANDING detected (conf=0.57)
2026-09-29 16:13:05,852 [INFO] ark5.main: [WATCHDOG] Pose stuck near wall — forcing turn
2026-09-29 16:13:06,013 [INFO] ark5.main: [WATCHDOG] Recovery turn in progress...
2026-09-29 16:13:08,619 [INFO] ark5.main: [MAP] Human logged — resuming...
2026-09-29 16:13:08,780 [INFO] ark5.main: [CV] HUMAN FALLEN detected (conf=0.43)
2026-09-29 16:13:09,869 [INFO] ark5.main: [WATCHDOG] Pose stuck near wall — forcing turn
2026-09-29 16:13:10,024 [INFO] ark5.main: [WATCHDOG] Recovery turn in progress...
2026-09-29 16:13:12,828 [INFO] ark5.main: [MAP] Human logged — resuming...
2026-09-29 16:13:12,861 [INFO] ark5.main: [CV] HUMAN STANDING detected (conf=0.51)
2026-09-29 16:13:14,042 [INFO] ark5.main: [WATCHDOG] Pose stuck near wall — forcing turn
2026-09-29 16:13:14,197 [INFO] ark5.main: [WATCHDOG] Recovery turn in progress...
2026-09-29 16:13:17,227 [INFO] ark5.main: [MAP] Human logged — resuming...
2026-09-29 16:13:17,265 [INFO] ark5.main: [SONAR] Wall at 82cm — stopping
2026-09-29 16:13:17,499 [INFO] ark5.main: [SCAN] Creep to 30-40cm (robot will rotate in place next)...
2026-09-29 16:13:17,721 [INFO] ark5.main: [CV] HUMAN FALLEN detected (conf=0.69)
2026-09-29 16:13:18,073 [INFO] ark5.main: [WATCHDOG] Pose stuck near wall — forcing turn
2026-09-29 16:13:18,238 [INFO] ark5.main: [WATCHDOG] Recovery turn in progress...
2026-09-29 16:13:19,847 [INFO] ark5.main: [MAP] Human logged — continuing scan...
2026-09-29 16:13:19,856 [INFO] ark5.main: [CV] HUMAN FALLEN detected (conf=0.69)
2026-09-29 16:13:21,895 [INFO] ark5.main: [MAP] Human logged — continuing scan...
2026-09-29 16:13:21,926 [INFO] ark5.main: [CV] HUMAN FALLEN detected (conf=0.69)
2026-09-29 16:13:22,109 [INFO] ark5.main: [WATCHDOG] Pose stuck near wall — forcing turn
2026-09-29 16:13:22,296 [INFO] ark5.main: [WATCHDOG] Recovery turn in progress...
2026-09-29 16:13:24,035 [INFO] ark5.main: [MAP] Human logged — continuing scan...
2026-09-29 16:13:24,065 [INFO] ark5.main: [CV] HUMAN FALLEN detected (conf=0.69)
2026-09-29 16:13:26,198 [INFO] ark5.main: [MAP] Human logged — continuing scan...
2026-09-29 16:13:26,207 [INFO] ark5.main: [WATCHDOG] Pose stuck near wall — forcing turn
2026-09-29 16:13:26,380 [INFO] ark5.main: [WATCHDOG] Recovery turn in progress...
2026-09-29 16:13:28,343 [INFO] ark5.main: [MAP] Human logged — continuing scan...
2026-09-29 16:13:28,352 [INFO] ark5.main: [CV] HUMAN FALLEN detected (conf=0.69)
2026-09-29 16:13:30,358 [INFO] ark5.main: [WATCHDOG] Pose stuck near wall — forcing turn
2026-09-29 16:13:30,403 [INFO] ark5.main: [WATCHDOG] Recovery turn in progress...
2026-09-29 16:13:32,415 [INFO] ark5.main: [MAP] Human logged — continuing scan...
2026-09-29 16:13:32,578 [INFO] ark5.main: [CV] HUMAN FALLEN detected (conf=0.69)
2026-09-29 16:13:34,389 [INFO] ark5.main: [WATCHDOG] Pose stuck near wall — forcing turn
2026-09-29 16:13:34,399 [INFO] ark5.main: [WATCHDOG] Recovery turn in progress...
2026-09-29 16:13:36,860 [INFO] ark5.main: [MAP] Human logged — continuing scan...
2026-09-29 16:13:36,870 [INFO] ark5.main: [CV] HUMAN FALLEN detected (conf=0.69)
2026-09-29 16:13:38,276 [INFO] ark5.main: [WATCHDOG] Pose stuck near wall — forcing turn
2026-09-29 16:13:38,426 [INFO] ark5.main: [WATCHDOG] Recovery turn in progress...
2026-09-29 16:13:40,970 [INFO] ark5.main: [MAP] Human logged — continuing scan...
2026-09-29 16:13:41,136 [INFO] ark5.main: [CV] HUMAN FALLEN detected (conf=0.69)
2026-09-29 16:13:42,366 [INFO] ark5.main: [WATCHDOG] Pose stuck near wall — forcing turn
2026-09-29 16:13:42,529 [INFO] ark5.main: [WATCHDOG] Recovery turn in progress...
2026-09-29 16:13:45,305 [INFO] ark5.main: [MAP] Human logged — continuing scan...
2026-09-29 16:13:45,315 [INFO] ark5.main: [CV] HUMAN FALLEN detected (conf=0.69)
2026-09-29 16:13:46,433 [INFO] ark5.main: [WATCHDOG] Pose stuck near wall — forcing turn
2026-09-29 16:13:46,588 [INFO] ark5.main: [WATCHDOG] Recovery turn in progress...
2026-09-29 16:13:47,502 [WARNING] ark5.vision: Stream read fail — reconnect try ho raha hai: http://192.168.137.46:81/stream
2026-09-29 16:13:49,576 [INFO] ark5.main: [MAP] Human logged — continuing scan...
2026-09-29 16:13:49,612 [INFO] ark5.main: [CV] HUMAN FALLEN detected (conf=0.50)
2026-09-29 16:13:50,459 [INFO] ark5.main: [WATCHDOG] Pose stuck near wall — forcing turn
2026-09-29 16:13:50,624 [INFO] ark5.main: [WATCHDOG] Recovery turn in progress...
2026-09-29 16:13:51,697 [INFO] ark5.main: [MAP] Human logged — continuing scan...
2026-09-29 16:13:51,709 [INFO] ark5.main: [CV] HUMAN FALLEN detected (conf=0.50)
2026-09-29 16:13:53,849 [INFO] ark5.main: [MAP] Human logged — continuing scan...
2026-09-29 16:13:53,857 [INFO] ark5.main: [CV] HUMAN FALLEN detected (conf=0.50)
2026-09-29 16:13:54,556 [INFO] ark5.main: [WATCHDOG] Pose stuck near wall — forcing turn
2026-09-29 16:13:54,743 [INFO] ark5.main: [WATCHDOG] Recovery turn in progress...
2026-09-29 16:13:55,863 [INFO] ark5.main: [MAP] Human logged — continuing scan...
2026-09-29 16:13:56,058 [INFO] ark5.main: [CV] HUMAN FALLEN detected (conf=0.50)
2026-09-29 16:13:58,135 [INFO] ark5.main: [MAP] Human logged — continuing scan...
2026-09-29 16:13:58,172 [INFO] ark5.main: [CV] HUMAN FALLEN detected (conf=0.50)
2026-09-29 16:13:58,693 [INFO] ark5.main: [WATCHDOG] Pose stuck near wall — forcing turn
2026-09-29 16:13:58,876 [INFO] ark5.main: [WATCHDOG] Recovery turn in progress...
2026-09-29 16:14:00,197 [INFO] ark5.main: [MAP] Human logged — continuing scan...
2026-09-29 16:14:00,235 [INFO] ark5.main: [CV] HUMAN FALLEN detected (conf=0.50)
2026-09-29 16:14:02,373 [INFO] ark5.main: [MAP] Human logged — continuing scan...
2026-09-29 16:14:02,382 [INFO] ark5.main: [CV] HUMAN FALLEN detected (conf=0.50)
2026-09-29 16:14:02,795 [INFO] ark5.main: [WATCHDOG] Pose stuck near wall — forcing turn
2026-09-29 16:14:03,029 [INFO] ark5.main: [WATCHDOG] Recovery turn in progress...
2026-09-29 16:14:04,467 [INFO] ark5.main: [MAP] Human logged — continuing scan...
2026-09-29 16:14:04,479 [INFO] ark5.main: [CV] HUMAN FALLEN detected (conf=0.50)
2026-09-29 16:14:06,497 [INFO] ark5.main: [MAP] Human logged — continuing scan...
2026-09-29 16:14:06,663 [INFO] ark5.main: [CV] HUMAN FALLEN detected (conf=0.50)
2026-09-29 16:14:06,839 [INFO] ark5.main: [WATCHDOG] Pose stuck near wall — forcing turn
2026-09-29 16:14:06,992 [INFO] ark5.main: [WATCHDOG] Recovery turn in progress...
2026-09-29 16:14:08,746 [INFO] ark5.main: [MAP] Human logged — continuing scan...
2026-09-29 16:14:08,755 [INFO] ark5.main: [CV] HUMAN FALLEN detected (conf=0.50)
2026-09-29 16:14:10,793 [INFO] ark5.main: [MAP] Human logged — continuing scan...
2026-09-29 16:14:10,801 [INFO] ark5.main: [CV] HUMAN FALLEN detected (conf=0.50)
2026-09-29 16:14:10,973 [INFO] ark5.main: [WATCHDOG] Pose stuck near wall — forcing turn
2026-09-29 16:14:11,141 [INFO] ark5.main: [WATCHDOG] Recovery turn in progress...
2026-09-29 16:14:12,839 [INFO] ark5.main: [MAP] Human logged — continuing scan...
2026-09-29 16:14:12,889 [INFO] ark5.main: [CV] HUMAN FALLEN detected (conf=0.50)
2026-09-29 16:14:14,979 [INFO] ark5.main: [MAP] Human logged — continuing scan...
2026-09-29 16:14:15,025 [INFO] ark5.main: [WATCHDOG] Pose stuck near wall — forcing turn
2026-09-29 16:14:15,113 [INFO] ark5.main: [WATCHDOG] Recovery turn in progress...
2026-09-29 16:14:17,040 [INFO] ark5.main: [MAP] Human logged — continuing scan...
2026-09-29 16:14:17,063 [INFO] ark5.main: [CV] HUMAN FALLEN detected (conf=0.50)
2026-09-29 16:14:19,093 [INFO] ark5.main: [WATCHDOG] Pose stuck near wall — forcing turn
2026-09-29 16:14:19,133 [INFO] ark5.main: [WATCHDOG] Recovery turn in progress...
2026-09-29 16:14:21,156 [INFO] ark5.main: [MAP] Human logged — continuing scan...
2026-09-29 16:14:21,196 [INFO] ark5.main: [CV] HUMAN FALLEN detected (conf=0.50)
2026-09-29 16:14:23,048 [INFO] ark5.main: [WATCHDOG] Pose stuck near wall — forcing turn
2026-09-29 16:14:23,169 [INFO] ark5.main: [WATCHDOG] Recovery turn in progress...
2026-09-29 16:14:25,371 [INFO] ark5.main: [MAP] Human logged — continuing scan...
2026-09-29 16:14:25,423 [INFO] ark5.main: [CV] HUMAN FALLEN detected (conf=0.50)
2026-09-29 16:14:27,108 [INFO] ark5.main: [WATCHDOG] Pose stuck near wall — forcing turn
2026-09-29 16:14:27,139 [INFO] ark5.main: [WATCHDOG] Recovery turn in progress...
2026-09-29 16:14:29,522 [INFO] ark5.main: [MAP] Human logged — continuing scan...
2026-09-29 16:14:29,529 [INFO] ark5.main: [CV] HUMAN FALLEN detected (conf=0.50)
2026-09-29 16:14:31,132 [INFO] ark5.main: [WATCHDOG] Pose stuck near wall — forcing turn
2026-09-29 16:14:31,220 [INFO] ark5.main: [WATCHDOG] Recovery turn in progress...
2026-09-29 16:14:33,639 [INFO] ark5.main: [MAP] Human logged — continuing scan...
2026-09-29 16:14:33,675 [INFO] ark5.main: [CV] HUMAN FALLEN detected (conf=0.50)
2026-09-29 16:14:35,188 [INFO] ark5.main: [WATCHDOG] Pose stuck near wall — forcing turn
2026-09-29 16:14:35,299 [INFO] ark5.main: [WATCHDOG] Recovery turn in progress...
2026-09-29 16:14:37,943 [INFO] ark5.main: [MAP] Human logged — continuing scan...
2026-09-29 16:14:37,971 [INFO] ark5.main: [CV] HUMAN FALLEN detected (conf=0.50)
2026-09-29 16:14:39,220 [INFO] ark5.main: [WATCHDOG] Pose stuck near wall — forcing turn
2026-09-29 16:14:39,311 [INFO] ark5.main: [WATCHDOG] Recovery turn in progress...
2026-09-29 16:14:42,089 [INFO] ark5.main: [MAP] Human logged — continuing scan...
2026-09-29 16:14:42,097 [INFO] ark5.main: [CV] HUMAN FALLEN detected (conf=0.50)
2026-09-29 16:14:43,231 [INFO] ark5.main: [WATCHDOG] Pose stuck near wall — forcing turn
2026-09-29 16:14:43,359 [INFO] ark5.main: [WATCHDOG] Recovery turn in progress...
2026-09-29 16:14:46,157 [INFO] ark5.main: [MAP] Human logged — continuing scan...
2026-09-29 16:14:46,197 [INFO] ark5.main: [CV] HUMAN FALLEN detected (conf=0.50)
2026-09-29 16:14:47,327 [INFO] ark5.main: [WATCHDOG] Pose stuck near wall — forcing turn
2026-09-29 16:14:47,335 [INFO] ark5.main: [WATCHDOG] Recovery turn in progress...
2026-09-29 16:14:48,238 [INFO] ark5.main: [CV] HUMAN FALLEN detected (conf=0.50)
2026-09-29 16:14:50,284 [INFO] ark5.main: [MAP] Human logged — continuing scan...
2026-09-29 16:14:50,317 [INFO] ark5.main: [CV] HUMAN FALLEN detected (conf=0.50)
2026-09-29 16:14:51,324 [INFO] ark5.main: [WATCHDOG] Pose stuck near wall — forcing turn
2026-09-29 16:14:51,337 [INFO] ark5.main: [WATCHDOG] Recovery turn in progress...
2026-09-29 16:14:52,374 [INFO] ark5.main: [CV] HUMAN FALLEN detected (conf=0.50)
2026-09-29 16:14:54,466 [INFO] ark5.main: [MAP] Human logged — continuing scan...
2026-09-29 16:14:54,573 [INFO] ark5.main: [CV] HUMAN FALLEN detected (conf=0.50)
2026-09-29 16:14:55,268 [INFO] ark5.main: [WATCHDOG] Pose stuck near wall — forcing turn
2026-09-29 16:14:55,366 [INFO] ark5.main: [WATCHDOG] Recovery turn in progress...
2026-09-29 16:14:56,584 [INFO] ark5.main: [MAP] Human logged — continuing scan...
2026-09-29 16:14:56,595 [INFO] ark5.main: [CV] HUMAN FALLEN detected (conf=0.50)
2026-09-29 16:14:58,679 [INFO] ark5.main: [MAP] Human logged — continuing scan...
2026-09-29 16:14:58,689 [INFO] ark5.main: [CV] HUMAN FALLEN detected (conf=0.50)
2026-09-29 16:14:58,813 [INFO] ark5.main: EXIT: Stopped by user (Ctrl+C).
2026-09-29 16:14:58,817 [INFO] ark5.main: Final 2D Map -> C:\Users\User\repos\SS-Magazine-Project\human_detector_robot\maps\robot1_map.txt
2026-09-29 16:14:58,818 [INFO] ark5.main: Final MPU/Sonar Trajectory Log -> C:\Users\User\repos\SS-Magazine-Project\human_detector_robot\maps\robot1_movement_log.txt
2026-09-29 16:17:11,871 [INFO] ark5.main: =======================================================
2026-09-29 16:17:11,871 [INFO] ark5.main:   ARK-5 Human Detector — Brain Starting for ROBOT #1
2026-09-29 16:17:11,872 [INFO] ark5.main:   ESP32 Host    : 192.168.137.11:4210 (Telem port: 4211)
2026-09-29 16:17:11,872 [INFO] ark5.main:   Camera Stream : http://192.168.137.10:81/stream
2026-09-29 16:17:11,872 [INFO] ark5.main: =======================================================
2026-09-29 16:17:14,579 [INFO] ark5.vision: Loading YOLO weights: C:\Users\User\repos\SS-Magazine-Project\human_detector_robot\models\yolo11n.pt
2026-09-29 16:17:19,811 [INFO] ark5.main: Camera Stream OK (http://192.168.137.46:81/stream)
2026-09-29 16:17:19,813 [INFO] ark5.main: 2D ASCII Map file       : C:\Users\User\repos\SS-Magazine-Project\human_detector_robot\maps\robot1_map.txt
2026-09-29 16:17:19,814 [INFO] ark5.main: Movement/Trajectory Log : C:\Users\User\repos\SS-Magazine-Project\human_detector_robot\maps\robot1_movement_log.txt
2026-09-29 16:17:19,814 [INFO] ark5.main: READY — Press Q to quit.
2026-09-29 16:17:20,067 [INFO] ark5.udp: Auto-discovered Robot ESP32 at IP: 192.168.137.15 (updated from 192.168.137.11)
2026-09-29 16:17:20,072 [INFO] ark5.main: [SONAR] Wall at 46cm — stopping
2026-09-29 16:17:20,561 [INFO] ark5.main: MAP & TRAJECTORY saved -> robot1_map.txt & robot1_movement_log.txt
2026-09-29 16:17:20,561 [INFO] ark5.main: [CV] HUMAN STANDING detected (conf=0.61)
2026-09-29 16:17:22,564 [INFO] ark5.main: [MAP] Human logged — resuming...
2026-09-29 16:17:22,601 [INFO] ark5.main: [CV] HUMAN FALLEN detected (conf=0.49)
2026-09-29 16:17:24,117 [INFO] ark5.main: [WATCHDOG] Pose stuck near wall — forcing turn
2026-09-29 16:17:24,218 [INFO] ark5.main: [WATCHDOG] Recovery turn in progress...
2026-09-29 16:17:26,754 [INFO] ark5.main: [MAP] Human logged — resuming...
2026-09-29 16:17:26,764 [INFO] ark5.main: [CV] HUMAN FALLEN detected (conf=0.50)
2026-09-29 16:17:28,180 [INFO] ark5.main: [WATCHDOG] Pose stuck near wall — forcing turn
2026-09-29 16:17:28,212 [INFO] ark5.main: [WATCHDOG] Recovery turn in progress...
2026-09-29 16:17:30,853 [INFO] ark5.main: [MAP] Human logged — resuming...
2026-09-29 16:17:30,889 [INFO] ark5.main: [SONAR] Wall at 50cm — stopping
2026-09-29 16:17:31,031 [INFO] ark5.main: [CV] HUMAN STANDING detected (conf=0.57)
2026-09-29 16:17:32,123 [INFO] ark5.main: [WATCHDOG] Pose stuck near wall — forcing turn
2026-09-29 16:17:32,217 [INFO] ark5.main: [WATCHDOG] Recovery turn in progress...
2026-09-29 16:17:35,183 [INFO] ark5.main: [MAP] Human logged — resuming...
2026-09-29 16:17:35,190 [INFO] ark5.main: [CV] HUMAN STANDING detected (conf=0.55)
2026-09-29 16:17:36,168 [INFO] ark5.main: [WATCHDOG] Pose stuck near wall — forcing turn
2026-09-29 16:17:36,269 [INFO] ark5.main: [WATCHDOG] Recovery turn in progress...
2026-09-29 16:17:37,263 [INFO] ark5.main: [CV] HUMAN STANDING detected (conf=0.60)
2026-09-29 16:17:39,287 [INFO] ark5.main: [MAP] Human logged — resuming...
2026-09-29 16:17:39,317 [INFO] ark5.main: [SONAR] Wall at 45cm — stopping
2026-09-29 16:17:39,457 [INFO] ark5.main: [SCAN] Creep to 30-40cm (robot will rotate in place next)...
2026-09-29 16:17:39,704 [INFO] ark5.main: [CV] HUMAN FALLEN detected (conf=0.44)
2026-09-29 16:17:40,222 [INFO] ark5.main: [WATCHDOG] Pose stuck near wall — forcing turn
2026-09-29 16:17:40,320 [INFO] ark5.main: [WATCHDOG] Recovery turn in progress...
2026-09-29 16:17:41,719 [INFO] ark5.main: [MAP] Human logged — continuing scan...
2026-09-29 16:17:41,820 [INFO] ark5.main: [CV] HUMAN STANDING detected (conf=0.69)
2026-09-29 16:17:43,837 [INFO] ark5.main: [MAP] Human logged — continuing scan...
2026-09-29 16:17:43,947 [INFO] ark5.main: [CV] HUMAN STANDING detected (conf=0.69)
2026-09-29 16:17:44,304 [INFO] ark5.main: [WATCHDOG] Pose stuck near wall — forcing turn
2026-09-29 16:17:44,344 [INFO] ark5.main: [WATCHDOG] Recovery turn in progress...
2026-09-29 16:17:45,971 [INFO] ark5.main: [MAP] Human logged — continuing scan...
2026-09-29 16:17:45,990 [INFO] ark5.main: [CV] HUMAN STANDING detected (conf=0.69)
2026-09-29 16:17:48,041 [INFO] ark5.main: [MAP] Human logged — continuing scan...
2026-09-29 16:17:48,086 [INFO] ark5.main: [CV] HUMAN STANDING detected (conf=0.69)
2026-09-29 16:17:48,320 [INFO] ark5.main: [WATCHDOG] Pose stuck near wall — forcing turn
2026-09-29 16:17:48,412 [INFO] ark5.main: [WATCHDOG] Recovery turn in progress...
2026-09-29 16:17:50,117 [INFO] ark5.main: [MAP] Human logged — continuing scan...
2026-09-29 16:17:50,213 [INFO] ark5.main: [CV] HUMAN STANDING detected (conf=0.69)
2026-09-29 16:17:52,308 [INFO] ark5.main: [MAP] Human logged — continuing scan...
2026-09-29 16:17:52,348 [INFO] ark5.main: [WATCHDOG] Pose stuck near wall — forcing turn
2026-09-29 16:17:52,456 [INFO] ark5.main: [WATCHDOG] Recovery turn in progress...
2026-09-29 16:17:54,357 [INFO] ark5.main: [MAP] Human logged — continuing scan...
2026-09-29 16:17:54,397 [INFO] ark5.main: [CV] HUMAN STANDING detected (conf=0.69)
2026-09-29 16:17:56,404 [INFO] ark5.main: [WATCHDOG] Pose stuck near wall — forcing turn
2026-09-29 16:17:56,424 [INFO] ark5.main: [WATCHDOG] Recovery turn in progress...
2026-09-29 16:17:58,496 [INFO] ark5.main: [MAP] Human logged — continuing scan...
2026-09-29 16:17:58,524 [INFO] ark5.main: [CV] HUMAN STANDING detected (conf=0.69)
2026-09-29 16:18:00,342 [INFO] ark5.main: [WATCHDOG] Pose stuck near wall — forcing turn
2026-09-29 16:18:00,449 [INFO] ark5.main: [WATCHDOG] Recovery turn in progress...
2026-09-29 16:18:02,623 [INFO] ark5.main: [MAP] Human logged — continuing scan...
2026-09-29 16:18:02,629 [INFO] ark5.main: [CV] HUMAN STANDING detected (conf=0.69)
2026-09-29 16:18:04,390 [INFO] ark5.main: [WATCHDOG] Pose stuck near wall — forcing turn
2026-09-29 16:18:04,490 [INFO] ark5.main: [WATCHDOG] Recovery turn in progress...
2026-09-29 16:18:06,475 [WARNING] ark5.main: FAILSAFE: 1.5s se robot se telemetry nahi aayi — motors STOP
2026-09-29 16:18:06,594 [INFO] ark5.main: Telemetry link wapis aa gaya — failsafe hata diya
2026-09-29 16:18:06,694 [INFO] ark5.main: [MAP] Human logged — continuing scan...
2026-09-29 16:18:06,702 [INFO] ark5.main: [CV] HUMAN STANDING detected (conf=0.69)
2026-09-29 16:18:08,434 [INFO] ark5.main: [WATCHDOG] Pose stuck near wall — forcing turn
2026-09-29 16:18:08,529 [INFO] ark5.main: [WATCHDOG] Recovery turn in progress...
2026-09-29 16:18:10,858 [INFO] ark5.main: [MAP] Human logged — continuing scan...
2026-09-29 16:18:10,900 [INFO] ark5.main: [CV] HUMAN STANDING detected (conf=0.69)
2026-09-29 16:18:11,762 [WARNING] ark5.vision: Stream read fail — reconnect try ho raha hai: http://192.168.137.46:81/stream
2026-09-29 16:18:12,504 [INFO] ark5.main: [WATCHDOG] Pose stuck near wall — forcing turn
2026-09-29 16:18:12,589 [INFO] ark5.main: [WATCHDOG] Recovery turn in progress...
2026-09-29 16:18:15,049 [INFO] ark5.main: [MAP] Human logged — continuing scan...
2026-09-29 16:18:15,056 [INFO] ark5.main: [CV] HUMAN STANDING detected (conf=0.76)
2026-09-29 16:18:16,526 [INFO] ark5.main: [WATCHDOG] Pose stuck near wall — forcing turn
2026-09-29 16:18:16,618 [INFO] ark5.main: [WATCHDOG] Recovery turn in progress...
2026-09-29 16:18:19,196 [INFO] ark5.main: [MAP] Human logged — continuing scan...
2026-09-29 16:18:19,213 [INFO] ark5.main: [CV] HUMAN STANDING detected (conf=0.76)
2026-09-29 16:18:20,563 [INFO] ark5.main: [WATCHDOG] Pose stuck near wall — forcing turn
2026-09-29 16:18:20,668 [INFO] ark5.main: [WATCHDOG] Recovery turn in progress...
2026-09-29 16:18:23,310 [INFO] ark5.main: [MAP] Human logged — continuing scan...
2026-09-29 16:18:23,317 [INFO] ark5.main: [CV] HUMAN STANDING detected (conf=0.76)
2026-09-29 16:18:24,573 [INFO] ark5.main: [WATCHDOG] Pose stuck near wall — forcing turn
2026-09-29 16:18:24,680 [INFO] ark5.main: [WATCHDOG] Recovery turn in progress...
2026-09-29 16:18:27,392 [INFO] ark5.main: [MAP] Human logged — continuing scan...
2026-09-29 16:18:27,421 [INFO] ark5.main: [CV] HUMAN STANDING detected (conf=0.76)
2026-09-29 16:18:28,631 [INFO] ark5.main: [WATCHDOG] Pose stuck near wall — forcing turn
2026-09-29 16:18:28,722 [INFO] ark5.main: [WATCHDOG] Recovery turn in progress...
2026-09-29 16:18:31,675 [INFO] ark5.main: [MAP] Human logged — continuing scan...
2026-09-29 16:18:31,706 [INFO] ark5.main: [CV] HUMAN STANDING detected (conf=0.76)
2026-09-29 16:18:32,664 [INFO] ark5.main: [WATCHDOG] Pose stuck near wall — forcing turn
2026-09-29 16:18:32,791 [INFO] ark5.main: [WATCHDOG] Recovery turn in progress...
2026-09-29 16:18:33,757 [INFO] ark5.main: [MAP] Human logged — continuing scan...
2026-09-29 16:18:33,763 [INFO] ark5.main: [CV] HUMAN STANDING detected (conf=0.76)
2026-09-29 16:18:35,839 [INFO] ark5.main: [MAP] Human logged — continuing scan...
2026-09-29 16:18:35,871 [INFO] ark5.main: [CV] HUMAN STANDING detected (conf=0.76)
2026-09-29 16:18:36,754 [INFO] ark5.main: [WATCHDOG] Pose stuck near wall — forcing turn
2026-09-29 16:18:36,853 [INFO] ark5.main: [WATCHDOG] Recovery turn in progress...
2026-09-29 16:18:37,885 [INFO] ark5.main: [MAP] Human logged — continuing scan...
2026-09-29 16:18:37,990 [INFO] ark5.main: [CV] HUMAN STANDING detected (conf=0.76)
2026-09-29 16:18:39,990 [INFO] ark5.main: [MAP] Human logged — continuing scan...
2026-09-29 16:18:40,022 [INFO] ark5.main: [CV] HUMAN STANDING detected (conf=0.76)
2026-09-29 16:18:40,872 [INFO] ark5.main: [WATCHDOG] Pose stuck near wall — forcing turn
2026-09-29 16:18:40,906 [INFO] ark5.main: [WATCHDOG] Recovery turn in progress...
2026-09-29 16:18:42,060 [INFO] ark5.main: [MAP] Human logged — continuing scan...
2026-09-29 16:18:42,102 [INFO] ark5.main: [CV] HUMAN STANDING detected (conf=0.76)
2026-09-29 16:18:44,126 [INFO] ark5.main: [MAP] Human logged — continuing scan...
2026-09-29 16:18:44,227 [INFO] ark5.main: [CV] HUMAN STANDING detected (conf=0.76)
2026-09-29 16:18:44,876 [INFO] ark5.main: [WATCHDOG] Pose stuck near wall — forcing turn
2026-09-29 16:18:44,974 [INFO] ark5.main: [WATCHDOG] Recovery turn in progress...
2026-09-29 16:18:46,276 [INFO] ark5.main: [MAP] Human logged — continuing scan...
2026-09-29 16:18:46,293 [INFO] ark5.main: [CV] HUMAN STANDING detected (conf=0.76)
2026-09-29 16:18:48,296 [INFO] ark5.main: [MAP] Human logged — continuing scan...
2026-09-29 16:18:48,395 [INFO] ark5.main: [CV] HUMAN STANDING detected (conf=0.76)
2026-09-29 16:18:48,901 [INFO] ark5.main: [WATCHDOG] Pose stuck near wall — forcing turn
2026-09-29 16:18:48,999 [INFO] ark5.main: [WATCHDOG] Recovery turn in progress...
2026-09-29 16:18:50,465 [INFO] ark5.main: [MAP] Human logged — continuing scan...
2026-09-29 16:18:50,507 [INFO] ark5.main: [CV] HUMAN STANDING detected (conf=0.76)
2026-09-29 16:18:52,525 [INFO] ark5.main: [MAP] Human logged — continuing scan...
2026-09-29 16:18:52,540 [INFO] ark5.main: [CV] HUMAN STANDING detected (conf=0.76)
2026-09-29 16:18:53,021 [INFO] ark5.main: [WATCHDOG] Pose stuck near wall — forcing turn
2026-09-29 16:18:53,044 [INFO] ark5.main: [WATCHDOG] Recovery turn in progress...
2026-09-29 16:18:54,631 [INFO] ark5.main: [MAP] Human logged — continuing scan...
2026-09-29 16:18:54,638 [INFO] ark5.main: [CV] HUMAN STANDING detected (conf=0.76)
2026-09-29 16:18:56,670 [INFO] ark5.main: [MAP] Human logged — continuing scan...
2026-09-29 16:18:56,694 [INFO] ark5.main: [CV] HUMAN STANDING detected (conf=0.76)
2026-09-29 16:18:57,028 [INFO] ark5.main: [WATCHDOG] Pose stuck near wall — forcing turn
2026-09-29 16:18:57,066 [INFO] ark5.main: [WATCHDOG] Recovery turn in progress...
2026-09-29 16:18:58,737 [INFO] ark5.main: [MAP] Human logged — continuing scan...
2026-09-29 16:18:58,768 [INFO] ark5.main: [CV] HUMAN STANDING detected (conf=0.76)
2026-09-29 16:19:00,787 [INFO] ark5.main: [MAP] Human logged — continuing scan...
2026-09-29 16:19:00,793 [INFO] ark5.main: [CV] HUMAN STANDING detected (conf=0.76)
2026-09-29 16:19:01,069 [INFO] ark5.main: [WATCHDOG] Pose stuck near wall — forcing turn
2026-09-29 16:19:01,173 [INFO] ark5.main: [WATCHDOG] Recovery turn in progress...
2026-09-29 16:19:02,843 [INFO] ark5.main: [MAP] Human logged — continuing scan...
2026-09-29 16:19:02,890 [INFO] ark5.main: [CV] HUMAN STANDING detected (conf=0.76)
2026-09-29 16:19:04,962 [INFO] ark5.main: [MAP] Human logged — continuing scan...
2026-09-29 16:19:05,004 [INFO] ark5.main: [CV] HUMAN STANDING detected (conf=0.76)
2026-09-29 16:19:05,102 [INFO] ark5.main: [WATCHDOG] Pose stuck near wall — forcing turn
2026-09-29 16:19:05,199 [INFO] ark5.main: [WATCHDOG] Recovery turn in progress...
2026-09-29 16:19:07,069 [INFO] ark5.main: [MAP] Human logged — continuing scan...
2026-09-29 16:19:07,099 [INFO] ark5.main: [CV] HUMAN STANDING detected (conf=0.76)
2026-09-29 16:19:09,105 [INFO] ark5.main: [WATCHDOG] Pose stuck near wall — forcing turn
2026-09-29 16:19:09,234 [INFO] ark5.main: [WATCHDOG] Recovery turn in progress...
2026-09-29 16:19:11,315 [INFO] ark5.main: [MAP] Human logged — continuing scan...
2026-09-29 16:19:11,344 [INFO] ark5.main: [CV] HUMAN STANDING detected (conf=0.76)
2026-09-29 16:19:13,159 [INFO] ark5.main: [WATCHDOG] Pose stuck near wall — forcing turn
2026-09-29 16:19:13,257 [INFO] ark5.main: [WATCHDOG] Recovery turn in progress...
2026-09-29 16:19:15,391 [INFO] ark5.main: [MAP] Human logged — continuing scan...
2026-09-29 16:19:15,429 [INFO] ark5.main: [CV] HUMAN STANDING detected (conf=0.76)
2026-09-29 16:19:17,250 [INFO] ark5.main: [WATCHDOG] Pose stuck near wall — forcing turn
2026-09-29 16:19:17,347 [INFO] ark5.main: [WATCHDOG] Recovery turn in progress...
2026-09-29 16:19:19,571 [INFO] ark5.main: [MAP] Human logged — continuing scan...
2026-09-29 16:19:19,587 [INFO] ark5.main: [CV] HUMAN STANDING detected (conf=0.76)
2026-09-29 16:19:21,306 [INFO] ark5.main: [WATCHDOG] Pose stuck near wall — forcing turn
2026-09-29 16:19:21,392 [INFO] ark5.main: [WATCHDOG] Recovery turn in progress...
2026-09-29 16:19:23,702 [INFO] ark5.main: [MAP] Human logged — continuing scan...
2026-09-29 16:19:23,745 [INFO] ark5.main: [CV] HUMAN STANDING detected (conf=0.76)
2026-09-29 16:19:25,350 [INFO] ark5.main: [WATCHDOG] Pose stuck near wall — forcing turn
2026-09-29 16:19:25,455 [INFO] ark5.main: [WATCHDOG] Recovery turn in progress...
2026-09-29 16:19:27,944 [INFO] ark5.main: [MAP] Human logged — continuing scan...
2026-09-29 16:19:27,976 [INFO] ark5.main: [CV] HUMAN STANDING detected (conf=0.76)
2026-09-29 16:19:29,428 [INFO] ark5.main: [WATCHDOG] Pose stuck near wall — forcing turn
2026-09-29 16:19:29,519 [INFO] ark5.main: [WATCHDOG] Recovery turn in progress...
2026-09-29 16:19:32,117 [INFO] ark5.main: [MAP] Human logged — continuing scan...
2026-09-29 16:19:32,128 [INFO] ark5.main: [CV] HUMAN STANDING detected (conf=0.76)
2026-09-29 16:19:33,515 [INFO] ark5.main: [WATCHDOG] Pose stuck near wall — forcing turn
2026-09-29 16:19:33,605 [INFO] ark5.main: [WATCHDOG] Recovery turn in progress...
2026-09-29 16:19:36,256 [INFO] ark5.main: [MAP] Human logged — continuing scan...
2026-09-29 16:19:36,356 [INFO] ark5.main: [CV] HUMAN STANDING detected (conf=0.76)
2026-09-29 16:19:37,588 [INFO] ark5.main: [WATCHDOG] Pose stuck near wall — forcing turn
2026-09-29 16:19:37,594 [INFO] ark5.main: [WATCHDOG] Recovery turn in progress...
2026-09-29 16:19:40,515 [INFO] ark5.main: [MAP] Human logged — continuing scan...
2026-09-29 16:19:40,562 [INFO] ark5.main: [CV] HUMAN STANDING detected (conf=0.76)
2026-09-29 16:19:41,141 [WARNING] ark5.main: FAILSAFE: 1.6s se robot se telemetry nahi aayi — motors STOP
2026-09-29 16:19:41,624 [INFO] ark5.main: [WATCHDOG] Pose stuck near wall — forcing turn
2026-09-29 16:19:41,749 [INFO] ark5.main: [WATCHDOG] Recovery turn in progress...
2026-09-29 16:19:42,686 [INFO] ark5.main: [CV] HUMAN STANDING detected (conf=0.76)
2026-09-29 16:19:45,097 [INFO] ark5.main: [MAP] Human logged — continuing scan...
2026-09-29 16:19:45,189 [INFO] ark5.main: [CV] HUMAN STANDING detected (conf=0.76)
2026-09-29 16:19:45,733 [INFO] ark5.main: [WATCHDOG] Pose stuck near wall — forcing turn
2026-09-29 16:19:45,873 [INFO] ark5.main: [WATCHDOG] Recovery turn in progress...
2026-09-29 16:19:47,297 [INFO] ark5.main: [MAP] Human logged — continuing scan...
2026-09-29 16:19:47,328 [INFO] ark5.main: [CV] HUMAN STANDING detected (conf=0.76)
2026-09-29 16:19:49,521 [INFO] ark5.main: [MAP] Human logged — continuing scan...
2026-09-29 16:19:49,553 [INFO] ark5.main: [CV] HUMAN STANDING detected (conf=0.76)
2026-09-29 16:19:49,804 [INFO] ark5.main: [WATCHDOG] Pose stuck near wall — forcing turn
2026-09-29 16:19:50,009 [INFO] ark5.main: [WATCHDOG] Recovery turn in progress...
2026-09-29 16:19:51,616 [INFO] ark5.main: [MAP] Human logged — continuing scan...
2026-09-29 16:19:51,647 [INFO] ark5.main: [CV] HUMAN STANDING detected (conf=0.76)
2026-09-29 16:19:53,654 [INFO] ark5.main: [MAP] Human logged — continuing scan...
2026-09-29 16:19:53,892 [INFO] ark5.main: [CV] HUMAN STANDING detected (conf=0.76)
2026-09-29 16:19:53,922 [INFO] ark5.main: [WATCHDOG] Pose stuck near wall — forcing turn
2026-09-29 16:19:54,111 [INFO] ark5.main: [WATCHDOG] Recovery turn in progress...
2026-09-29 16:19:55,906 [INFO] ark5.main: [MAP] Human logged — continuing scan...
2026-09-29 16:19:55,939 [INFO] ark5.main: [CV] HUMAN STANDING detected (conf=0.76)
2026-09-29 16:19:57,949 [INFO] ark5.main: [WATCHDOG] Pose stuck near wall — forcing turn
2026-09-29 16:19:58,123 [INFO] ark5.main: [WATCHDOG] Recovery turn in progress...
2026-09-29 16:20:00,265 [INFO] ark5.main: [MAP] Human logged — continuing scan...
2026-09-29 16:20:00,296 [INFO] ark5.main: [CV] HUMAN STANDING detected (conf=0.76)
2026-09-29 16:20:02,134 [INFO] ark5.main: [WATCHDOG] Pose stuck near wall — forcing turn
2026-09-29 16:20:02,366 [INFO] ark5.main: [WATCHDOG] Recovery turn in progress...
2026-09-29 16:20:04,440 [INFO] ark5.main: [MAP] Human logged — continuing scan...
2026-09-29 16:20:04,472 [INFO] ark5.main: [CV] HUMAN STANDING detected (conf=0.76)
2026-09-29 16:20:06,237 [INFO] ark5.main: [WATCHDOG] Pose stuck near wall — forcing turn
2026-09-29 16:20:06,440 [INFO] ark5.main: [WATCHDOG] Recovery turn in progress...
2026-09-29 16:20:08,756 [INFO] ark5.main: [MAP] Human logged — continuing scan...
2026-09-29 16:20:08,975 [INFO] ark5.main: [CV] HUMAN STANDING detected (conf=0.76)
2026-09-29 16:20:10,311 [INFO] ark5.main: [WATCHDOG] Pose stuck near wall — forcing turn
2026-09-29 16:20:10,406 [INFO] ark5.main: [WATCHDOG] Recovery turn in progress...
2026-09-29 16:20:13,159 [INFO] ark5.main: [MAP] Human logged — continuing scan...
2026-09-29 16:20:13,192 [INFO] ark5.main: [CV] HUMAN STANDING detected (conf=0.76)
2026-09-29 16:20:14,381 [INFO] ark5.main: [WATCHDOG] Pose stuck near wall — forcing turn
2026-09-29 16:20:14,586 [INFO] ark5.main: [WATCHDOG] Recovery turn in progress...
2026-09-29 16:20:17,575 [INFO] ark5.main: [MAP] Human logged — continuing scan...
2026-09-29 16:20:17,607 [INFO] ark5.main: [CV] HUMAN STANDING detected (conf=0.76)
2026-09-29 16:20:18,570 [INFO] ark5.main: [WATCHDOG] Pose stuck near wall — forcing turn
2026-09-29 16:20:18,774 [INFO] ark5.main: [WATCHDOG] Recovery turn in progress...
2026-09-29 16:20:19,694 [INFO] ark5.main: [CV] HUMAN STANDING detected (conf=0.76)
2026-09-29 16:20:21,758 [INFO] ark5.main: [MAP] Human logged — continuing scan...
2026-09-29 16:20:21,790 [INFO] ark5.main: [CV] HUMAN STANDING detected (conf=0.76)
2026-09-29 16:20:22,713 [INFO] ark5.main: [WATCHDOG] Pose stuck near wall — forcing turn
2026-09-29 16:20:22,930 [INFO] ark5.main: [WATCHDOG] Recovery turn in progress...
2026-09-29 16:20:23,798 [INFO] ark5.main: [MAP] Human logged — continuing scan...
2026-09-29 16:20:24,048 [INFO] ark5.main: [CV] HUMAN STANDING detected (conf=0.76)
2026-09-29 16:20:26,152 [INFO] ark5.main: [MAP] Human logged — continuing scan...
2026-09-29 16:20:26,184 [INFO] ark5.main: [CV] HUMAN STANDING detected (conf=0.76)
2026-09-29 16:20:26,890 [INFO] ark5.main: [WATCHDOG] Pose stuck near wall — forcing turn
2026-09-29 16:20:27,092 [INFO] ark5.main: [WATCHDOG] Recovery turn in progress...
2026-09-29 16:20:28,319 [INFO] ark5.main: [MAP] Human logged — continuing scan...
2026-09-29 16:20:28,352 [INFO] ark5.main: [CV] HUMAN STANDING detected (conf=0.76)
2026-09-29 16:20:30,456 [INFO] ark5.main: [MAP] Human logged — continuing scan...
2026-09-29 16:20:30,487 [INFO] ark5.main: [CV] HUMAN STANDING detected (conf=0.76)
2026-09-29 16:20:30,958 [INFO] ark5.main: [WATCHDOG] Pose stuck near wall — forcing turn
2026-09-29 16:20:31,226 [INFO] ark5.main: [WATCHDOG] Recovery turn in progress...
2026-09-29 16:20:32,530 [INFO] ark5.main: [MAP] Human logged — continuing scan...
2026-09-29 16:20:32,576 [INFO] ark5.main: [CV] HUMAN STANDING detected (conf=0.76)
2026-09-29 16:20:34,734 [INFO] ark5.main: [MAP] Human logged — continuing scan...
2026-09-29 16:20:34,766 [INFO] ark5.main: [CV] HUMAN STANDING detected (conf=0.76)
2026-09-29 16:20:35,002 [INFO] ark5.main: [WATCHDOG] Pose stuck near wall — forcing turn
2026-09-29 16:20:35,221 [INFO] ark5.main: [WATCHDOG] Recovery turn in progress...
2026-09-29 16:20:36,840 [INFO] ark5.main: [MAP] Human logged — continuing scan...
2026-09-29 16:20:36,873 [INFO] ark5.main: [CV] HUMAN STANDING detected (conf=0.76)
2026-09-29 16:20:38,910 [INFO] ark5.main: [MAP] Human logged — continuing scan...
2026-09-29 16:20:38,941 [INFO] ark5.main: [CV] HUMAN STANDING detected (conf=0.76)
2026-09-29 16:20:39,146 [INFO] ark5.main: [WATCHDOG] Pose stuck near wall — forcing turn
2026-09-29 16:20:39,335 [INFO] ark5.main: [WATCHDOG] Recovery turn in progress...
2026-09-29 16:20:40,957 [INFO] ark5.main: [MAP] Human logged — continuing scan...
2026-09-29 16:20:41,146 [INFO] ark5.main: [CV] HUMAN STANDING detected (conf=0.76)
2026-09-29 16:20:43,158 [INFO] ark5.main: [MAP] Human logged — continuing scan...
2026-09-29 16:20:43,189 [INFO] ark5.main: [WATCHDOG] Pose stuck near wall — forcing turn
2026-09-29 16:20:43,378 [INFO] ark5.main: [WATCHDOG] Recovery turn in progress...
2026-09-29 16:20:43,586 [WARNING] ark5.vision: Stream read fail — reconnect try ho raha hai: http://192.168.137.46:81/stream
2026-09-29 16:20:45,394 [INFO] ark5.main: [MAP] Human logged — continuing scan...
2026-09-29 16:20:45,426 [INFO] ark5.main: [CV] HUMAN STANDING detected (conf=0.76)
2026-09-29 16:20:47,354 [INFO] ark5.main: [WATCHDOG] Pose stuck near wall — forcing turn
2026-09-29 16:20:47,652 [INFO] ark5.main: [WATCHDOG] Recovery turn in progress...
2026-09-29 16:20:49,760 [INFO] ark5.main: [MAP] Human logged — continuing scan...
2026-09-29 16:20:49,791 [INFO] ark5.main: [CV] HUMAN STANDING detected (conf=0.76)
2026-09-29 16:20:51,385 [INFO] ark5.main: [WATCHDOG] Pose stuck near wall — forcing turn
2026-09-29 16:20:51,656 [INFO] ark5.main: [WATCHDOG] Recovery turn in progress...
2026-09-29 16:20:54,130 [INFO] ark5.main: [MAP] Human logged — continuing scan...
2026-09-29 16:20:54,160 [INFO] ark5.main: [CV] HUMAN STANDING detected (conf=0.76)
2026-09-29 16:20:55,419 [INFO] ark5.main: [WATCHDOG] Pose stuck near wall — forcing turn
2026-09-29 16:20:55,622 [INFO] ark5.main: [WATCHDOG] Recovery turn in progress...
2026-09-29 16:20:58,319 [INFO] ark5.main: [MAP] Human logged — continuing scan...
2026-09-29 16:20:58,350 [INFO] ark5.main: [CV] HUMAN STANDING detected (conf=0.76)
2026-09-29 16:20:59,580 [INFO] ark5.main: [WATCHDOG] Pose stuck near wall — forcing turn
2026-09-29 16:20:59,800 [INFO] ark5.main: [WATCHDOG] Recovery turn in progress...
2026-09-29 16:21:00,808 [INFO] ark5.main: EXIT: Stopped by user (Ctrl+C).
2026-09-29 16:21:00,812 [INFO] ark5.main: Final 2D Map -> C:\Users\User\repos\SS-Magazine-Project\human_detector_robot\maps\robot1_map.txt
2026-09-29 16:21:00,812 [INFO] ark5.main: Final MPU/Sonar Trajectory Log -> C:\Users\User\repos\SS-Magazine-Project\human_detector_robot\maps\robot1_movement_log.txt
2026-09-30 19:47:35,145 [INFO] ark5.main: =======================================================
2026-09-30 19:47:35,145 [INFO] ark5.main:   ARK-5 Human Detector — Brain Starting for ROBOT #1
2026-09-30 19:47:35,146 [INFO] ark5.main:   ESP32 Host    : 192.168.137.11:4210 (Telem port: 4211)
2026-09-30 19:47:35,147 [INFO] ark5.main:   Camera Stream : http://192.168.137.10:81/stream
2026-09-30 19:47:35,147 [INFO] ark5.main: =======================================================
2026-09-30 19:47:48,493 [INFO] ark5.vision: Loading YOLO weights: C:\Users\User\repos\SS-Magazine-Project\human_detector_robot\models\yolo11n.pt
2026-09-30 19:49:33,567 [INFO] ark5.main: Camera Stream OK (http://192.168.137.190:81/stream)
2026-09-30 19:49:33,569 [INFO] ark5.main: 2D ASCII Map file       : C:\Users\User\repos\SS-Magazine-Project\human_detector_robot\maps\robot1_map.txt
2026-09-30 19:49:33,570 [INFO] ark5.main: Movement/Trajectory Log : C:\Users\User\repos\SS-Magazine-Project\human_detector_robot\maps\robot1_movement_log.txt
2026-09-30 19:49:33,570 [INFO] ark5.main: READY — Press Q to quit.
2026-09-30 19:49:33,648 [WARNING] ark5.main: FAILSAFE: infs se robot se telemetry nahi aayi — motors STOP
2026-09-30 19:49:33,648 [INFO] ark5.main: [CMD] FAILSAFE STOP         v=+0.000 m/s  w=+0.000 rad/s  state=CRUISE
2026-09-30 19:49:34,060 [INFO] ark5.udp: Auto-discovered Robot ESP32 at IP: 192.168.137.136 (updated from 192.168.137.11)
2026-09-30 19:49:34,060 [INFO] ark5.main: Telemetry link wapis aa gaya — failsafe hata diya
2026-09-30 19:49:34,061 [INFO] ark5.main: [SONAR] Wall at 82cm — stopping
2026-09-30 19:49:34,067 [INFO] ark5.main: [CMD] FSM      STOP         v=+0.000 m/s  w=+0.000 rad/s  state=CREEP_TO_SCAN
2026-09-30 19:49:34,068 [INFO] ark5.main: [SCAN] Creep to 30-40cm (robot will rotate in place next)...
2026-09-30 19:49:34,452 [INFO] ark5.main: [CMD] FSM      FWD          v=+0.060 m/s  w=+0.000 rad/s  state=CREEP_TO_SCAN
2026-09-30 19:49:37,081 [INFO] ark5.main: [CMD] FSM      STOP         v=+0.000 m/s  w=+0.000 rad/s  state=WIFI_SCAN
2026-09-30 19:49:37,082 [INFO] ark5.main: [SCAN] Creep timeout (3s) — scanning from 81cm
2026-09-30 19:49:37,913 [INFO] ark5.main: [SCAN] Side sensors blocked — robot rotating...
2026-09-30 19:49:37,961 [INFO] ark5.main: [CMD] FSM      TURN_L       v=+0.000 m/s  w=+0.350 rad/s  state=SCAN_ROTATE
2026-09-30 19:49:43,383 [INFO] ark5.main: [CMD] FSM      STOP         v=+0.000 m/s  w=+0.000 rad/s  state=ALERT_PAUSE
2026-09-30 19:49:43,387 [INFO] ark5.main: MAP & TRAJECTORY saved -> robot1_map.txt & robot1_movement_log.txt
2026-09-30 19:49:43,388 [INFO] ark5.main: HUMAN_POSSIBLE_BEHIND_WALL
2026-09-30 19:49:45,425 [INFO] ark5.main: [MAP] Human logged — continuing scan...
2026-09-30 19:49:45,463 [INFO] ark5.main: [CMD] FSM      FWD          v=+0.060 m/s  w=+0.000 rad/s  state=CREEP_TO_SCAN
2026-09-30 19:49:48,494 [INFO] ark5.main: [CMD] FSM      STOP         v=+0.000 m/s  w=+0.000 rad/s  state=WIFI_SCAN
2026-09-30 19:49:48,495 [INFO] ark5.main: [SCAN] Creep timeout (3s) — scanning from 84cm
2026-09-30 19:49:49,333 [INFO] ark5.main: [SCAN] Side sensors blocked — robot rotating...
2026-09-30 19:49:49,371 [INFO] ark5.main: [CMD] FSM      TURN_L       v=+0.000 m/s  w=+0.350 rad/s  state=SCAN_ROTATE
2026-09-30 19:49:57,397 [INFO] ark5.main: [CMD] WATCHDOG FWD          v=+0.220 m/s  w=+0.000 rad/s  state=CRUISE
2026-09-30 19:49:57,397 [INFO] ark5.main: [WATCHDOG] State timeout (8s) — reset to CRUISE
2026-09-30 19:49:57,604 [INFO] ark5.main: [SONAR] Wall at 109cm — stopping
2026-09-30 19:49:57,649 [INFO] ark5.main: [SCAN] Creep to 30-40cm (robot will rotate in place next)...
2026-09-30 19:49:57,753 [INFO] ark5.main: [CMD] FSM      FWD          v=+0.060 m/s  w=+0.000 rad/s  state=CREEP_TO_SCAN
2026-09-30 19:50:00,652 [INFO] ark5.main: [CMD] FSM      STOP         v=+0.000 m/s  w=+0.000 rad/s  state=WIFI_SCAN
2026-09-30 19:50:00,653 [INFO] ark5.main: [SCAN] Creep timeout (3s) — scanning from 83cm
2026-09-30 19:50:01,502 [INFO] ark5.main: [SCAN] Side sensors blocked — robot rotating...
2026-09-30 19:50:01,518 [INFO] ark5.main: [CMD] FSM      TURN_L       v=+0.000 m/s  w=+0.350 rad/s  state=SCAN_ROTATE
2026-09-30 19:50:09,621 [INFO] ark5.main: [CMD] WATCHDOG FWD          v=+0.220 m/s  w=+0.000 rad/s  state=CRUISE
2026-09-30 19:50:09,622 [INFO] ark5.main: [WATCHDOG] State timeout (8s) — reset to CRUISE
2026-09-30 19:50:09,832 [INFO] ark5.main: [SONAR] Wall at 168cm — stopping
2026-09-30 19:50:09,841 [INFO] ark5.main: [SCAN] Creep to 30-40cm (robot will rotate in place next)...
2026-09-30 19:50:09,952 [INFO] ark5.main: [CMD] FSM      FWD          v=+0.060 m/s  w=+0.000 rad/s  state=CREEP_TO_SCAN
2026-09-30 19:50:12,902 [INFO] ark5.main: [CMD] FSM      STOP         v=+0.000 m/s  w=+0.000 rad/s  state=WIFI_SCAN
2026-09-30 19:50:12,903 [INFO] ark5.main: [SCAN] Creep timeout (3s) — scanning from 109cm
2026-09-30 19:50:13,753 [INFO] ark5.main: [SCAN] Side sensors blocked — robot rotating...
2026-09-30 19:50:13,785 [INFO] ark5.main: [CMD] FSM      TURN_L       v=+0.000 m/s  w=+0.350 rad/s  state=SCAN_ROTATE
2026-09-30 19:50:21,867 [INFO] ark5.main: [CMD] WATCHDOG FWD          v=+0.220 m/s  w=+0.000 rad/s  state=CRUISE
2026-09-30 19:50:21,868 [INFO] ark5.main: [WATCHDOG] State timeout (8s) — reset to CRUISE
2026-09-30 19:50:22,080 [INFO] ark5.main: [SONAR] Wall at 112cm — stopping
2026-09-30 19:50:22,116 [INFO] ark5.main: [SCAN] Creep to 30-40cm (robot will rotate in place next)...
2026-09-30 19:50:22,242 [INFO] ark5.main: [CMD] FSM      FWD          v=+0.060 m/s  w=+0.000 rad/s  state=CREEP_TO_SCAN
2026-09-30 19:50:24,354 [WARNING] ark5.vision: Stream read fail — reconnect try ho raha hai: http://192.168.137.190:81/stream
2026-09-30 19:50:25,178 [INFO] ark5.main: [CMD] FSM      STOP         v=+0.000 m/s  w=+0.000 rad/s  state=WIFI_SCAN
2026-09-30 19:50:25,178 [INFO] ark5.main: [SCAN] Creep timeout (3s) — scanning from 104cm
2026-09-30 19:50:25,984 [INFO] ark5.main: [SCAN] Side sensors blocked — robot rotating...
2026-09-30 19:50:26,029 [INFO] ark5.main: [CMD] FSM      TURN_L       v=+0.000 m/s  w=+0.350 rad/s  state=SCAN_ROTATE
2026-09-30 19:50:34,048 [INFO] ark5.main: [CMD] WATCHDOG FWD          v=+0.220 m/s  w=+0.000 rad/s  state=CRUISE
2026-09-30 19:50:34,048 [INFO] ark5.main: [WATCHDOG] State timeout (8s) — reset to CRUISE
2026-09-30 19:50:34,452 [INFO] ark5.main: [CMD] FSM      FWD          v=+0.220 m/s  w=+0.000 rad/s  state=CRUISE
2026-09-30 19:50:35,043 [INFO] ark5.main: [CMD] FSM      STOP         v=+0.000 m/s  w=+0.000 rad/s  state=STOP_AT_WALL
2026-09-30 19:50:35,044 [INFO] ark5.main: [SONAR] Wall at 102cm — stopping
2026-09-30 19:50:35,090 [INFO] ark5.main: EXIT: Stopped by user (Ctrl+C).
2026-09-30 19:50:35,093 [INFO] ark5.main: Final 2D Map -> C:\Users\User\repos\SS-Magazine-Project\human_detector_robot\maps\robot1_map.txt
2026-09-30 19:50:35,094 [INFO] ark5.main: Final MPU/Sonar Trajectory Log -> C:\Users\User\repos\SS-Magazine-Project\human_detector_robot\maps\robot1_movement_log.txt
2026-09-30 19:53:58,907 [INFO] ark5.main: =======================================================
2026-09-30 19:53:58,907 [INFO] ark5.main:   ARK-5 Human Detector — Brain Starting for ROBOT #1
2026-09-30 19:53:58,907 [INFO] ark5.main:   ESP32 Host    : 192.168.137.11:4210 (Telem port: 4211)
2026-09-30 19:53:58,908 [INFO] ark5.main:   Camera Stream : http://192.168.137.10:81/stream
2026-09-30 19:53:58,908 [INFO] ark5.main: =======================================================
2026-09-30 19:54:01,097 [INFO] ark5.vision: Loading YOLO weights: C:\Users\User\repos\SS-Magazine-Project\human_detector_robot\models\yolo11n.pt
2026-09-30 19:57:06,236 [WARNING] ark5.vision: Stream read fail — reconnect try ho raha hai: http://192.168.137.10:81/stream
2026-09-30 19:57:06,237 [INFO] ark5.main: Camera Stream OK (http://192.168.137.10:81/stream)
2026-09-30 19:57:06,240 [INFO] ark5.main: 2D ASCII Map file       : C:\Users\User\repos\SS-Magazine-Project\human_detector_robot\maps\robot1_map.txt
2026-09-30 19:57:06,240 [INFO] ark5.main: Movement/Trajectory Log : C:\Users\User\repos\SS-Magazine-Project\human_detector_robot\maps\robot1_movement_log.txt
2026-09-30 19:57:06,241 [INFO] ark5.main: READY — Press Q to quit.
2026-09-30 19:57:29,716 [INFO] ark5.main: EXIT: Stopped by user (Ctrl+C).
2026-09-30 19:57:29,719 [INFO] ark5.main: Final 2D Map -> C:\Users\User\repos\SS-Magazine-Project\human_detector_robot\maps\robot1_map.txt
2026-09-30 19:57:29,720 [INFO] ark5.main: Final MPU/Sonar Trajectory Log -> C:\Users\User\repos\SS-Magazine-Project\human_detector_robot\maps\robot1_movement_log.txt
2026-09-30 20:07:50,166 [INFO] ark5.main: =======================================================
2026-09-30 20:07:50,166 [INFO] ark5.main:   ARK-5 Human Detector — Brain Starting for ROBOT #1
2026-09-30 20:07:50,167 [INFO] ark5.main:   ESP32 Host    : 192.168.137.11:4210 (Telem port: 4211)
2026-09-30 20:07:50,167 [INFO] ark5.main:   Camera Stream : http://192.168.137.10:81/stream
2026-09-30 20:07:50,167 [INFO] ark5.main: =======================================================
2026-09-30 20:07:52,981 [INFO] ark5.vision: Loading YOLO weights: C:\Users\User\repos\SS-Magazine-Project\human_detector_robot\models\yolo11n.pt
2026-09-30 20:07:57,707 [INFO] ark5.main: Camera Stream OK (http://192.168.137.11:81/stream)
2026-09-30 20:07:57,710 [INFO] ark5.main: 2D ASCII Map file       : C:\Users\User\repos\SS-Magazine-Project\human_detector_robot\maps\robot1_map.txt
2026-09-30 20:07:57,711 [INFO] ark5.main: Movement/Trajectory Log : C:\Users\User\repos\SS-Magazine-Project\human_detector_robot\maps\robot1_movement_log.txt
2026-09-30 20:07:57,711 [INFO] ark5.main: READY — Press Q to quit.
2026-09-30 20:07:57,784 [WARNING] ark5.main: FAILSAFE: infs se robot se telemetry nahi aayi — motors STOP
2026-09-30 20:07:57,785 [INFO] ark5.main: [CMD] FAILSAFE STOP         v=+0.000 m/s  w=+0.000 rad/s  state=CRUISE
2026-09-30 20:07:58,138 [INFO] ark5.udp: Auto-discovered Robot ESP32 at IP: 192.168.137.192 (updated from 192.168.137.11)
2026-09-30 20:07:58,139 [INFO] ark5.main: Telemetry link wapis aa gaya — failsafe hata diya
2026-09-30 20:07:58,139 [INFO] ark5.main: [SONAR] Wall at 99cm — stopping
2026-09-30 20:07:58,148 [INFO] ark5.main: [CMD] FSM      STOP         v=+0.000 m/s  w=+0.000 rad/s  state=CREEP_TO_SCAN
2026-09-30 20:07:58,149 [INFO] ark5.main: [SCAN] Creep to 30-40cm (robot will rotate in place next)...
2026-09-30 20:07:58,555 [INFO] ark5.main: [CMD] FSM      FWD          v=+0.060 m/s  w=+0.000 rad/s  state=CREEP_TO_SCAN
2026-09-30 20:08:01,191 [INFO] ark5.main: [CMD] FSM      STOP         v=+0.000 m/s  w=+0.000 rad/s  state=WIFI_SCAN
2026-09-30 20:08:01,192 [INFO] ark5.main: [SCAN] Creep timeout (3s) — scanning from 97cm
2026-09-30 20:08:01,386 [INFO] ark5.main: MAP & TRAJECTORY saved -> robot1_map.txt & robot1_movement_log.txt
2026-09-30 20:08:01,386 [INFO] ark5.main: [CV] HUMAN STANDING detected (conf=0.51)
2026-09-30 20:08:03,393 [INFO] ark5.main: [MAP] Human logged — continuing scan...
2026-09-30 20:08:03,429 [INFO] ark5.main: [CMD] FSM      FWD          v=+0.060 m/s  w=+0.000 rad/s  state=CREEP_TO_SCAN
2026-09-30 20:08:06,403 [INFO] ark5.main: [CMD] FSM      STOP         v=+0.000 m/s  w=+0.000 rad/s  state=WIFI_SCAN
2026-09-30 20:08:06,403 [INFO] ark5.main: [SCAN] Creep timeout (3s) — scanning from 105cm
2026-09-30 20:08:07,207 [INFO] ark5.main: [SCAN] Side sensors blocked — robot rotating...
2026-09-30 20:08:07,286 [INFO] ark5.main: [CMD] FSM      TURN_L       v=+0.000 m/s  w=+0.350 rad/s  state=SCAN_ROTATE
2026-09-30 20:08:15,258 [INFO] ark5.main: [CMD] WATCHDOG FWD          v=+0.220 m/s  w=+0.000 rad/s  state=CRUISE
2026-09-30 20:08:15,258 [INFO] ark5.main: [WATCHDOG] State timeout (8s) — reset to CRUISE
2026-09-30 20:08:15,601 [INFO] ark5.main: [SONAR] Wall at 103cm — stopping
2026-09-30 20:08:15,647 [INFO] ark5.main: [CMD] FSM      STOP         v=+0.000 m/s  w=+0.000 rad/s  state=CREEP_TO_SCAN
2026-09-30 20:08:15,648 [INFO] ark5.main: [SCAN] Creep to 30-40cm (robot will rotate in place next)...
2026-09-30 20:08:15,995 [INFO] ark5.main: [CMD] FSM      FWD          v=+0.060 m/s  w=+0.000 rad/s  state=CREEP_TO_SCAN
2026-09-30 20:08:18,685 [INFO] ark5.main: [CMD] FSM      STOP         v=+0.000 m/s  w=+0.000 rad/s  state=WIFI_SCAN
2026-09-30 20:08:18,685 [INFO] ark5.main: [SCAN] Creep timeout (3s) — scanning from 110cm
2026-09-30 20:08:19,535 [INFO] ark5.main: [SCAN] Side sensors blocked — robot rotating...
2026-09-30 20:08:19,638 [INFO] ark5.main: [CMD] FSM      TURN_L       v=+0.000 m/s  w=+0.350 rad/s  state=SCAN_ROTATE
2026-09-30 20:08:27,657 [INFO] ark5.main: [CMD] WATCHDOG FWD          v=+0.220 m/s  w=+0.000 rad/s  state=CRUISE
2026-09-30 20:08:27,658 [INFO] ark5.main: [WATCHDOG] State timeout (8s) — reset to CRUISE
2026-09-30 20:08:27,757 [INFO] ark5.main: [SONAR] Wall at 98cm — stopping
2026-09-30 20:08:27,797 [INFO] ark5.main: [SCAN] Creep to 30-40cm (robot will rotate in place next)...
2026-09-30 20:08:28,049 [INFO] ark5.main: [CMD] FSM      FWD          v=+0.060 m/s  w=+0.000 rad/s  state=CREEP_TO_SCAN
2026-09-30 20:08:30,821 [INFO] ark5.main: [CMD] FSM      STOP         v=+0.000 m/s  w=+0.000 rad/s  state=WIFI_SCAN
2026-09-30 20:08:30,821 [INFO] ark5.main: [SCAN] Creep timeout (3s) — scanning from 86cm
2026-09-30 20:08:31,661 [INFO] ark5.main: [SCAN] Side sensors blocked — robot rotating...
2026-09-30 20:08:31,712 [INFO] ark5.main: [CMD] FSM      TURN_L       v=+0.000 m/s  w=+0.350 rad/s  state=SCAN_ROTATE
2026-09-30 20:08:31,816 [INFO] ark5.main: [CV] PERSON detected (conf=0.57)
2026-09-30 20:08:32,094 [INFO] ark5.main: [CMD] FSM      STOP         v=+0.000 m/s  w=+0.000 rad/s  state=ALERT_PAUSE
2026-09-30 20:08:33,892 [INFO] ark5.main: [MAP] Human logged — continuing scan...
2026-09-30 20:08:33,932 [INFO] ark5.main: [CMD] FSM      REV          v=-0.030 m/s  w=+0.000 rad/s  state=CREEP_TO_SCAN
2026-09-30 20:08:33,932 [INFO] ark5.main: [SCAN] Too close (6cm) — reverse
2026-09-30 20:08:34,135 [INFO] ark5.main: [SCAN] Too close (5cm) — reverse
2026-09-30 20:08:34,441 [INFO] ark5.main: [SCAN] Too close (4cm) — reverse
2026-09-30 20:08:34,445 [INFO] ark5.main: [SCAN] Too close (5cm) — reverse
2026-09-30 20:08:34,676 [INFO] ark5.main: [SCAN] Too close (8cm) — reverse
2026-09-30 20:08:35,174 [INFO] ark5.main: [SCAN] Too close (13cm) — reverse
2026-09-30 20:08:36,970 [INFO] ark5.main: [CMD] FSM      STOP         v=+0.000 m/s  w=+0.000 rad/s  state=WIFI_SCAN
2026-09-30 20:08:36,971 [INFO] ark5.main: [SCAN] Creep timeout (3s) — scanning from 13cm
2026-09-30 20:08:37,772 [INFO] ark5.main: [SCAN] Side sensors blocked — robot rotating...
2026-09-30 20:08:37,794 [INFO] ark5.main: [CMD] FSM      TURN_L       v=+0.000 m/s  w=+0.350 rad/s  state=SCAN_ROTATE
2026-09-30 20:08:45,881 [INFO] ark5.main: [CMD] WATCHDOG FWD          v=+0.220 m/s  w=+0.000 rad/s  state=CRUISE
2026-09-30 20:08:45,882 [INFO] ark5.main: [WATCHDOG] State timeout (8s) — reset to CRUISE
2026-09-30 20:08:45,893 [INFO] ark5.main: [SONAR] Wall at 71cm — stopping
2026-09-30 20:08:45,993 [INFO] ark5.main: [SCAN] Creep to 30-40cm (robot will rotate in place next)...
2026-09-30 20:08:46,186 [INFO] ark5.main: [CMD] FSM      FWD          v=+0.060 m/s  w=+0.000 rad/s  state=CREEP_TO_SCAN
2026-09-30 20:08:49,071 [INFO] ark5.main: [CMD] FSM      STOP         v=+0.000 m/s  w=+0.000 rad/s  state=WIFI_SCAN
2026-09-30 20:08:49,071 [INFO] ark5.main: [SCAN] Creep timeout (3s) — scanning from 71cm
2026-09-30 20:08:49,958 [INFO] ark5.main: [SCAN] Side sensors blocked — robot rotating...
2026-09-30 20:08:49,966 [INFO] ark5.main: [CMD] FSM      TURN_L       v=+0.000 m/s  w=+0.350 rad/s  state=SCAN_ROTATE
2026-09-30 20:08:58,027 [INFO] ark5.main: [CMD] WATCHDOG FWD          v=+0.220 m/s  w=+0.000 rad/s  state=CRUISE
2026-09-30 20:08:58,028 [INFO] ark5.main: [WATCHDOG] State timeout (8s) — reset to CRUISE
2026-09-30 20:08:58,170 [INFO] ark5.main: [SONAR] Wall at 56cm — stopping
2026-09-30 20:08:58,216 [INFO] ark5.main: [SCAN] Creep to 30-40cm (robot will rotate in place next)...
2026-09-30 20:08:58,373 [INFO] ark5.main: [CMD] FSM      FWD          v=+0.060 m/s  w=+0.000 rad/s  state=CREEP_TO_SCAN
2026-09-30 20:09:01,274 [INFO] ark5.main: [CMD] FSM      STOP         v=+0.000 m/s  w=+0.000 rad/s  state=WIFI_SCAN
2026-09-30 20:09:01,274 [INFO] ark5.main: [SCAN] Creep timeout (3s) — scanning from 56cm
2026-09-30 20:09:02,092 [INFO] ark5.main: [SCAN] Side sensors blocked — robot rotating...
2026-09-30 20:09:02,112 [INFO] ark5.main: [CMD] FSM      TURN_L       v=+0.000 m/s  w=+0.350 rad/s  state=SCAN_ROTATE
2026-09-30 20:09:04,119 [WARNING] ark5.vision: Stream read fail — reconnect try ho raha hai: http://192.168.137.11:81/stream
2026-09-30 20:09:10,186 [INFO] ark5.main: [CMD] WATCHDOG FWD          v=+0.220 m/s  w=+0.000 rad/s  state=CRUISE
2026-09-30 20:09:10,187 [INFO] ark5.main: [WATCHDOG] State timeout (8s) — reset to CRUISE
2026-09-30 20:09:10,225 [INFO] ark5.main: [SONAR] Wall at 56cm — stopping
2026-09-30 20:09:10,295 [INFO] ark5.main: [SCAN] Creep to 30-40cm (robot will rotate in place next)...
2026-09-30 20:09:10,445 [INFO] ark5.main: [CMD] FSM      FWD          v=+0.060 m/s  w=+0.000 rad/s  state=CREEP_TO_SCAN
2026-09-30 20:09:13,134 [INFO] ark5.main: [CMD] FSM      STOP         v=+0.000 m/s  w=+0.000 rad/s  state=ALERT_PAUSE
2026-09-30 20:09:13,135 [INFO] ark5.main: HUMAN_POSSIBLE_BEHIND_WALL
2026-09-30 20:09:15,197 [INFO] ark5.main: [MAP] Human logged — continuing scan...
2026-09-30 20:09:15,212 [INFO] ark5.main: [CMD] FSM      FWD          v=+0.060 m/s  w=+0.000 rad/s  state=CREEP_TO_SCAN
2026-09-30 20:09:18,201 [INFO] ark5.main: [CMD] FSM      STOP         v=+0.000 m/s  w=+0.000 rad/s  state=WIFI_SCAN
2026-09-30 20:09:18,202 [INFO] ark5.main: [SCAN] Creep timeout (3s) — scanning from 177cm
2026-09-30 20:09:19,025 [INFO] ark5.main: [SCAN] Side sensors blocked — robot rotating...
2026-09-30 20:09:19,047 [INFO] ark5.main: [CMD] FSM      TURN_L       v=+0.000 m/s  w=+0.350 rad/s  state=SCAN_ROTATE
2026-09-30 20:09:19,501 [INFO] ark5.main: [CMD] FSM      STOP         v=+0.000 m/s  w=+0.000 rad/s  state=ALERT_PAUSE
2026-09-30 20:09:19,504 [INFO] ark5.main: MAP & TRAJECTORY saved -> robot1_map.txt & robot1_movement_log.txt
2026-09-30 20:09:19,505 [INFO] ark5.main: [CV] HUMAN STANDING detected (conf=0.56)
2026-09-30 20:09:21,586 [INFO] ark5.main: [MAP] Human logged — continuing scan...
2026-09-30 20:09:21,634 [INFO] ark5.main: [CMD] FSM      FWD          v=+0.060 m/s  w=+0.000 rad/s  state=CREEP_TO_SCAN
2026-09-30 20:09:24,645 [INFO] ark5.main: [CMD] FSM      STOP         v=+0.000 m/s  w=+0.000 rad/s  state=WIFI_SCAN
2026-09-30 20:09:24,645 [INFO] ark5.main: [SCAN] Creep timeout (3s) — scanning from 124cm
2026-09-30 20:09:25,140 [INFO] ark5.main: [CV] HUMAN STANDING detected (conf=0.64)
2026-09-30 20:09:27,147 [INFO] ark5.main: [MAP] Human logged — continuing scan...
2026-09-30 20:09:27,162 [INFO] ark5.main: [CMD] FSM      FWD          v=+0.060 m/s  w=+0.000 rad/s  state=CREEP_TO_SCAN
2026-09-30 20:09:29,143 [INFO] ark5.main: [CMD] FSM      STOP         v=+0.000 m/s  w=+0.000 rad/s  state=ALERT_PAUSE
2026-09-30 20:09:29,143 [INFO] ark5.main: HUMAN_POSSIBLE_BEHIND_WALL
2026-09-30 20:09:31,151 [INFO] ark5.main: [MAP] Human logged — continuing scan...
2026-09-30 20:09:31,196 [INFO] ark5.main: [CMD] FSM      FWD          v=+0.060 m/s  w=+0.000 rad/s  state=CREEP_TO_SCAN
2026-09-30 20:09:34,196 [INFO] ark5.main: [CMD] FSM      STOP         v=+0.000 m/s  w=+0.000 rad/s  state=WIFI_SCAN
2026-09-30 20:09:34,197 [INFO] ark5.main: [SCAN] Creep timeout (3s) — scanning from 81cm
2026-09-30 20:09:35,032 [INFO] ark5.main: [SCAN] Side sensors blocked — robot rotating...
2026-09-30 20:09:35,075 [INFO] ark5.main: [CMD] FSM      TURN_L       v=+0.000 m/s  w=+0.350 rad/s  state=SCAN_ROTATE
2026-09-30 20:09:43,141 [INFO] ark5.main: [CMD] WATCHDOG FWD          v=+0.220 m/s  w=+0.000 rad/s  state=CRUISE
2026-09-30 20:09:43,141 [INFO] ark5.main: [WATCHDOG] State timeout (8s) — reset to CRUISE
2026-09-30 20:09:43,225 [INFO] ark5.main: [SONAR] Wall at 3cm — stopping
2026-09-30 20:09:43,266 [INFO] ark5.main: [SCAN] Creep to 30-40cm (robot will rotate in place next)...
2026-09-30 20:09:43,339 [INFO] ark5.main: [SCAN] Too close (3cm) — reverse
2026-09-30 20:09:43,486 [INFO] ark5.main: [CMD] FSM      REV          v=-0.030 m/s  w=+0.000 rad/s  state=CREEP_TO_SCAN
2026-09-30 20:09:45,973 [INFO] ark5.main: [SCAN] Too close (5cm) — reverse
2026-09-30 20:09:46,057 [INFO] ark5.main: [SCAN] Too close (6cm) — reverse
2026-09-30 20:09:46,279 [INFO] ark5.main: [CMD] FSM      STOP         v=+0.000 m/s  w=+0.000 rad/s  state=WIFI_SCAN
2026-09-30 20:09:46,279 [INFO] ark5.main: [SCAN] Creep timeout (3s) — scanning from 6cm
2026-09-30 20:09:47,104 [INFO] ark5.main: [SCAN] Side sensors blocked — robot rotating...
2026-09-30 20:09:47,155 [INFO] ark5.main: [CMD] FSM      TURN_L       v=+0.000 m/s  w=+0.350 rad/s  state=SCAN_ROTATE
2026-09-30 20:09:50,946 [WARNING] ark5.main: FAILSAFE: 1.5s se robot se telemetry nahi aayi — motors STOP
2026-09-30 20:09:50,946 [INFO] ark5.main: [CMD] FAILSAFE STOP         v=+0.000 m/s  w=+0.000 rad/s  state=SCAN_ROTATE
2026-09-30 20:09:55,423 [WARNING] ark5.vision: Stream read fail — reconnect try ho raha hai: http://192.168.137.11:81/stream
2026-09-30 20:10:59,776 [INFO] ark5.main: EXIT: Stopped by user (Ctrl+C).
2026-09-30 20:10:59,780 [INFO] ark5.main: Final 2D Map -> C:\Users\User\repos\SS-Magazine-Project\human_detector_robot\maps\robot1_map.txt
2026-09-30 20:10:59,780 [INFO] ark5.main: Final MPU/Sonar Trajectory Log -> C:\Users\User\repos\SS-Magazine-Project\human_detector_robot\maps\robot1_movement_log.txt
2026-09-30 20:12:15,403 [INFO] ark5.main: =======================================================
2026-09-30 20:12:15,403 [INFO] ark5.main:   ARK-5 Human Detector — Brain Starting for ROBOT #1
2026-09-30 20:12:15,404 [INFO] ark5.main:   ESP32 Host    : 192.168.137.11:4210 (Telem port: 4211)
2026-09-30 20:12:15,404 [INFO] ark5.main:   Camera Stream : http://192.168.137.10:81/stream
2026-09-30 20:12:15,404 [INFO] ark5.main: =======================================================
2026-09-30 20:12:17,311 [INFO] ark5.vision: Loading YOLO weights: C:\Users\User\repos\SS-Magazine-Project\human_detector_robot\models\yolo11n.pt
2026-09-30 20:12:21,509 [INFO] ark5.main: Camera Stream OK (http://192.168.137.11:81/stream)
2026-09-30 20:12:21,510 [INFO] ark5.main: 2D ASCII Map file       : C:\Users\User\repos\SS-Magazine-Project\human_detector_robot\maps\robot1_map.txt
2026-09-30 20:12:21,511 [INFO] ark5.main: Movement/Trajectory Log : C:\Users\User\repos\SS-Magazine-Project\human_detector_robot\maps\robot1_movement_log.txt
2026-09-30 20:12:21,512 [INFO] ark5.main: READY — Press Q to quit.
2026-09-30 20:12:21,615 [INFO] ark5.udp: Auto-discovered Robot ESP32 at IP: 192.168.137.192 (updated from 192.168.137.11)
2026-09-30 20:12:21,616 [INFO] ark5.main: [CMD] WATCHDOG FWD          v=+0.220 m/s  w=+0.000 rad/s  state=CRUISE
2026-09-30 20:12:21,619 [INFO] ark5.main: [WATCHDOG] State timeout (8s) — reset to CRUISE
2026-09-30 20:12:21,893 [INFO] ark5.main: MAP & TRAJECTORY saved -> robot1_map.txt & robot1_movement_log.txt
2026-09-30 20:12:21,893 [INFO] ark5.main: [CV] HUMAN FALLEN detected (conf=0.72)
2026-09-30 20:12:21,995 [INFO] ark5.main: [CMD] FSM      STOP         v=+0.000 m/s  w=+0.000 rad/s  state=ALERT_PAUSE
2026-09-30 20:12:23,927 [INFO] ark5.main: [CMD] FSM      FWD          v=+0.220 m/s  w=+0.000 rad/s  state=CRUISE
2026-09-30 20:12:23,927 [INFO] ark5.main: [MAP] Human logged — resuming...
2026-09-30 20:12:27,046 [INFO] ark5.main: [CMD] FSM      FWD+TURN_L   v=+0.220 m/s  w=+0.250 rad/s  state=CRUISE
2026-09-30 20:12:27,325 [INFO] ark5.main: [CMD] FSM      FWD          v=+0.220 m/s  w=+0.000 rad/s  state=CRUISE
2026-09-30 20:12:30,082 [INFO] ark5.main: [CMD] FSM      FWD+TURN_L   v=+0.220 m/s  w=+0.250 rad/s  state=CRUISE
2026-09-30 20:12:30,426 [INFO] ark5.main: [CMD] FSM      FWD          v=+0.220 m/s  w=+0.000 rad/s  state=CRUISE
2026-09-30 20:12:32,004 [INFO] ark5.main: [CMD] WATCHDOG FWD          v=+0.220 m/s  w=+0.000 rad/s  state=CRUISE
2026-09-30 20:12:32,004 [INFO] ark5.main: [WATCHDOG] State timeout (8s) — reset to CRUISE
2026-09-30 20:12:32,364 [INFO] ark5.main: [CMD] FSM      FWD          v=+0.220 m/s  w=+0.000 rad/s  state=CRUISE
2026-09-30 20:12:37,735 [INFO] ark5.main: [CMD] FSM      FWD+TURN_L   v=+0.220 m/s  w=+0.250 rad/s  state=CRUISE
2026-09-30 20:12:38,065 [INFO] ark5.main: [CMD] FSM      FWD          v=+0.220 m/s  w=+0.000 rad/s  state=CRUISE
2026-09-30 20:12:39,272 [INFO] ark5.main: [CMD] FSM      FWD+TURN_L   v=+0.220 m/s  w=+0.250 rad/s  state=CRUISE
2026-09-30 20:12:39,646 [INFO] ark5.main: [CMD] FSM      FWD          v=+0.220 m/s  w=+0.000 rad/s  state=CRUISE
2026-09-30 20:12:40,022 [INFO] ark5.main: [CMD] WATCHDOG FWD          v=+0.220 m/s  w=+0.000 rad/s  state=CRUISE
2026-09-30 20:12:40,352 [INFO] ark5.main: [CMD] FSM      FWD          v=+0.220 m/s  w=+0.000 rad/s  state=CRUISE
2026-09-30 20:12:40,842 [INFO] ark5.main: [CMD] FSM      FWD+TURN_L   v=+0.220 m/s  w=+0.250 rad/s  state=CRUISE
2026-09-30 20:12:41,183 [INFO] ark5.main: [CMD] FSM      FWD          v=+0.220 m/s  w=+0.000 rad/s  state=CRUISE
2026-09-30 20:12:42,409 [INFO] ark5.main: [CMD] FSM      FWD+TURN_L   v=+0.220 m/s  w=+0.250 rad/s  state=CRUISE
2026-09-30 20:12:42,751 [INFO] ark5.main: [CMD] FSM      FWD          v=+0.220 m/s  w=+0.000 rad/s  state=CRUISE
2026-09-30 20:12:43,941 [INFO] ark5.main: [CMD] FSM      FWD+TURN_L   v=+0.220 m/s  w=+0.250 rad/s  state=CRUISE
2026-09-30 20:12:44,301 [INFO] ark5.main: [CMD] FSM      FWD          v=+0.220 m/s  w=+0.000 rad/s  state=CRUISE
2026-09-30 20:12:45,524 [INFO] ark5.main: [CMD] FSM      FWD+TURN_R   v=+0.220 m/s  w=-0.244 rad/s  state=CRUISE
2026-09-30 20:12:45,865 [INFO] ark5.main: [CMD] FSM      FWD          v=+0.220 m/s  w=+0.000 rad/s  state=CRUISE
2026-09-30 20:12:48,065 [INFO] ark5.main: [CMD] WATCHDOG FWD          v=+0.220 m/s  w=+0.000 rad/s  state=CRUISE
2026-09-30 20:12:48,440 [INFO] ark5.main: [CMD] FSM      FWD          v=+0.220 m/s  w=+0.000 rad/s  state=CRUISE
2026-09-30 20:12:51,257 [INFO] ark5.main: [CMD] FSM      STOP         v=+0.000 m/s  w=+0.000 rad/s  state=STOP_AT_WALL
2026-09-30 20:12:51,258 [INFO] ark5.main: [SONAR] Wall at 364cm — stopping
2026-09-30 20:12:51,302 [INFO] ark5.main: [SCAN] Creep to 30-40cm (robot will rotate in place next)...
2026-09-30 20:12:51,521 [INFO] ark5.main: [CMD] FSM      FWD          v=+0.060 m/s  w=+0.000 rad/s  state=CREEP_TO_SCAN
2026-09-30 20:12:54,331 [INFO] ark5.main: [CMD] FSM      STOP         v=+0.000 m/s  w=+0.000 rad/s  state=WIFI_SCAN
2026-09-30 20:12:54,331 [INFO] ark5.main: [SCAN] Creep timeout (3s) — scanning from 364cm
2026-09-30 20:12:55,194 [INFO] ark5.main: [SCAN] Side sensors blocked — robot rotating...
2026-09-30 20:12:55,238 [INFO] ark5.main: [CMD] FSM      TURN_L       v=+0.000 m/s  w=+0.350 rad/s  state=SCAN_ROTATE
2026-09-30 20:13:03,284 [INFO] ark5.main: [CMD] WATCHDOG FWD          v=+0.220 m/s  w=+0.000 rad/s  state=CRUISE
2026-09-30 20:13:03,285 [INFO] ark5.main: [WATCHDOG] State timeout (8s) — reset to CRUISE
2026-09-30 20:13:03,614 [INFO] ark5.main: [CMD] FSM      FWD          v=+0.220 m/s  w=+0.000 rad/s  state=CRUISE
2026-09-30 20:13:11,333 [INFO] ark5.main: [CMD] WATCHDOG FWD          v=+0.220 m/s  w=+0.000 rad/s  state=CRUISE
2026-09-30 20:13:11,710 [INFO] ark5.main: [CMD] FSM      FWD          v=+0.220 m/s  w=+0.000 rad/s  state=CRUISE
2026-09-30 20:13:18,214 [INFO] ark5.main: [CMD] FSM      STOP         v=+0.000 m/s  w=+0.000 rad/s  state=STOP_AT_WALL
2026-09-30 20:13:18,215 [INFO] ark5.main: [SONAR] Wall at 365cm — stopping
2026-09-30 20:13:18,257 [INFO] ark5.main: [SCAN] Creep to 30-40cm (robot will rotate in place next)...
2026-09-30 20:13:18,486 [INFO] ark5.main: [CMD] FSM      FWD          v=+0.060 m/s  w=+0.000 rad/s  state=CREEP_TO_SCAN
2026-09-30 20:13:21,322 [INFO] ark5.main: [CMD] FSM      STOP         v=+0.000 m/s  w=+0.000 rad/s  state=WIFI_SCAN
2026-09-30 20:13:21,322 [INFO] ark5.main: [SCAN] Creep timeout (3s) — scanning from 365cm
2026-09-30 20:13:22,142 [INFO] ark5.main: [SCAN] Side sensors blocked — robot rotating...
2026-09-30 20:13:22,182 [INFO] ark5.main: [CMD] FSM      TURN_L       v=+0.000 m/s  w=+0.350 rad/s  state=SCAN_ROTATE
2026-09-30 20:13:26,197 [INFO] ark5.main: [CMD] FSM      STOP         v=+0.000 m/s  w=+0.000 rad/s  state=ALERT_PAUSE
2026-09-30 20:13:26,198 [INFO] ark5.main: [CV] HUMAN FALLEN detected (conf=0.43)
2026-09-30 20:13:28,256 [INFO] ark5.main: [MAP] Human logged — continuing scan...
2026-09-30 20:13:28,272 [INFO] ark5.main: [CMD] FSM      FWD          v=+0.060 m/s  w=+0.000 rad/s  state=CREEP_TO_SCAN
2026-09-30 20:13:31,292 [INFO] ark5.main: [CMD] FSM      STOP         v=+0.000 m/s  w=+0.000 rad/s  state=WIFI_SCAN
2026-09-30 20:13:31,293 [INFO] ark5.main: [SCAN] Creep timeout (3s) — scanning from 363cm
2026-09-30 20:13:32,109 [INFO] ark5.main: [SCAN] Side sensors blocked — robot rotating...
2026-09-30 20:13:32,155 [INFO] ark5.main: [CMD] FSM      TURN_L       v=+0.000 m/s  w=+0.350 rad/s  state=SCAN_ROTATE
2026-09-30 20:13:40,147 [INFO] ark5.main: [CMD] WATCHDOG FWD          v=+0.220 m/s  w=+0.000 rad/s  state=CRUISE
2026-09-30 20:13:40,147 [INFO] ark5.main: [WATCHDOG] State timeout (8s) — reset to CRUISE
2026-09-30 20:13:40,490 [INFO] ark5.main: [CMD] FSM      FWD          v=+0.220 m/s  w=+0.000 rad/s  state=CRUISE
2026-09-30 20:13:45,392 [INFO] ark5.main: [CMD] FSM      STOP         v=+0.000 m/s  w=+0.000 rad/s  state=ALERT_PAUSE
2026-09-30 20:13:45,395 [INFO] ark5.main: MAP & TRAJECTORY saved -> robot1_map.txt & robot1_movement_log.txt
2026-09-30 20:13:45,395 [INFO] ark5.main: [CV] HUMAN STANDING detected (conf=0.55)
2026-09-30 20:13:47,445 [INFO] ark5.main: [CMD] FSM      FWD          v=+0.220 m/s  w=+0.000 rad/s  state=CRUISE
2026-09-30 20:13:47,446 [INFO] ark5.main: [MAP] Human logged — resuming...
2026-09-30 20:13:50,846 [INFO] ark5.main: [CMD] FSM      STOP         v=+0.000 m/s  w=+0.000 rad/s  state=STOP_AT_WALL
2026-09-30 20:13:50,847 [INFO] ark5.main: [SONAR] Wall at 148cm — stopping
2026-09-30 20:13:50,939 [INFO] ark5.main: [SCAN] Creep to 30-40cm (robot will rotate in place next)...
2026-09-30 20:13:51,235 [INFO] ark5.main: [CMD] FSM      FWD          v=+0.060 m/s  w=+0.000 rad/s  state=CREEP_TO_SCAN
2026-09-30 20:13:53,984 [INFO] ark5.main: [CMD] FSM      STOP         v=+0.000 m/s  w=+0.000 rad/s  state=WIFI_SCAN
2026-09-30 20:13:53,985 [INFO] ark5.main: [SCAN] Creep timeout (3s) — scanning from 153cm
2026-09-30 20:13:54,820 [INFO] ark5.main: [SCAN] Side sensors blocked — robot rotating...
2026-09-30 20:13:54,842 [INFO] ark5.main: [CMD] FSM      TURN_L       v=+0.000 m/s  w=+0.350 rad/s  state=SCAN_ROTATE
2026-09-30 20:13:56,265 [INFO] ark5.main: [CMD] FSM      STOP         v=+0.000 m/s  w=+0.000 rad/s  state=ALERT_PAUSE
2026-09-30 20:13:56,268 [INFO] ark5.main: MAP & TRAJECTORY saved -> robot1_map.txt & robot1_movement_log.txt
2026-09-30 20:13:56,268 [INFO] ark5.main: [CV] HUMAN STANDING detected (conf=0.54)
2026-09-30 20:13:58,339 [INFO] ark5.main: [MAP] Human logged — continuing scan...
2026-09-30 20:13:58,383 [INFO] ark5.main: [CMD] FSM      FWD          v=+0.060 m/s  w=+0.000 rad/s  state=CREEP_TO_SCAN
2026-09-30 20:14:01,365 [INFO] ark5.main: [CMD] FSM      STOP         v=+0.000 m/s  w=+0.000 rad/s  state=WIFI_SCAN
2026-09-30 20:14:01,365 [INFO] ark5.main: [SCAN] Creep timeout (3s) — scanning from 151cm
2026-09-30 20:14:02,230 [INFO] ark5.main: [SCAN] Side sensors blocked — robot rotating...
2026-09-30 20:14:02,245 [INFO] ark5.main: [CMD] FSM      TURN_L       v=+0.000 m/s  w=+0.350 rad/s  state=SCAN_ROTATE
2026-09-30 20:14:05,078 [INFO] ark5.main: [CMD] FSM      STOP         v=+0.000 m/s  w=+0.000 rad/s  state=ALERT_PAUSE
2026-09-30 20:14:05,079 [INFO] ark5.main: [CV] HUMAN STANDING detected (conf=0.55)
2026-09-30 20:14:07,084 [INFO] ark5.main: [MAP] Human logged — continuing scan...
2026-09-30 20:14:07,167 [INFO] ark5.main: [CMD] FSM      FWD          v=+0.060 m/s  w=+0.000 rad/s  state=CREEP_TO_SCAN
2026-09-30 20:14:10,091 [INFO] ark5.main: [CMD] FSM      STOP         v=+0.000 m/s  w=+0.000 rad/s  state=WIFI_SCAN
2026-09-30 20:14:10,091 [INFO] ark5.main: [SCAN] Creep timeout (3s) — scanning from 363cm
2026-09-30 20:14:10,911 [INFO] ark5.main: [SCAN] Side sensors blocked — robot rotating...
2026-09-30 20:14:10,993 [INFO] ark5.main: [CMD] FSM      TURN_L       v=+0.000 m/s  w=+0.350 rad/s  state=SCAN_ROTATE
2026-09-30 20:14:13,431 [INFO] ark5.main: [CMD] FSM      STOP         v=+0.000 m/s  w=+0.000 rad/s  state=ALERT_PAUSE
2026-09-30 20:14:13,433 [INFO] ark5.main: MAP & TRAJECTORY saved -> robot1_map.txt & robot1_movement_log.txt
2026-09-30 20:14:13,434 [INFO] ark5.main: [CV] HUMAN STANDING detected (conf=0.56)
2026-09-30 20:14:15,496 [INFO] ark5.main: [MAP] Human logged — continuing scan...
2026-09-30 20:14:15,542 [INFO] ark5.main: [CMD] FSM      FWD          v=+0.060 m/s  w=+0.000 rad/s  state=CREEP_TO_SCAN
2026-09-30 20:14:18,507 [INFO] ark5.main: [CMD] FSM      STOP         v=+0.000 m/s  w=+0.000 rad/s  state=WIFI_SCAN
2026-09-30 20:14:18,507 [INFO] ark5.main: [SCAN] Creep timeout (3s) — scanning from 344cm
2026-09-30 20:14:19,307 [INFO] ark5.main: [SCAN] Side sensors blocked — robot rotating...
2026-09-30 20:14:19,358 [INFO] ark5.main: [CMD] FSM      TURN_L       v=+0.000 m/s  w=+0.350 rad/s  state=SCAN_ROTATE
2026-09-30 20:14:24,321 [INFO] ark5.main: EXIT: Stopped by user (Ctrl+C).
2026-09-30 20:14:24,324 [INFO] ark5.main: Final 2D Map -> C:\Users\User\repos\SS-Magazine-Project\human_detector_robot\maps\robot1_map.txt
2026-09-30 20:14:24,324 [INFO] ark5.main: Final MPU/Sonar Trajectory Log -> C:\Users\User\repos\SS-Magazine-Project\human_detector_robot\maps\robot1_movement_log.txt
2026-09-30 20:33:29,486 [INFO] ark5.main: =======================================================
2026-09-30 20:33:29,486 [INFO] ark5.main:   ARK-5 Human Detector — Brain Starting for ROBOT #1
2026-09-30 20:33:29,487 [INFO] ark5.main:   ESP32 Host    : 192.168.137.11:4210 (Telem port: 4211)
2026-09-30 20:33:29,487 [INFO] ark5.main:   Camera Stream : http://192.168.137.10:81/stream
2026-09-30 20:33:29,487 [INFO] ark5.main: =======================================================
2026-09-30 20:33:42,288 [INFO] ark5.vision: Loading YOLO weights: C:\Users\User\repos\SS-Magazine-Project\human_detector_robot\models\yolo11n.pt
2026-09-30 20:52:05,304 [INFO] ark5.main: =======================================================
2026-09-30 20:52:05,305 [INFO] ark5.main:   ARK-5 Human Detector — Brain Starting for ROBOT #1
2026-09-30 20:52:05,306 [INFO] ark5.main:   ESP32 Host    : 192.168.137.11:4210 (Telem port: 4211)
2026-09-30 20:52:05,307 [INFO] ark5.main:   Camera Stream : http://192.168.137.10:81/stream
2026-09-30 20:52:05,307 [INFO] ark5.main: =======================================================
2026-09-30 20:52:08,995 [INFO] ark5.vision: Loading YOLO weights: C:\Users\User\repos\SS-Magazine-Project\human_detector_robot\models\yolo11n.pt
2026-09-30 20:52:13,641 [INFO] ark5.main: Camera Stream OK (http://192.168.137.55:81/stream)
2026-09-30 20:52:13,644 [INFO] ark5.main: 2D ASCII Map file       : C:\Users\User\repos\SS-Magazine-Project\human_detector_robot\maps\robot1_map.txt
2026-09-30 20:52:13,644 [INFO] ark5.main: Movement/Trajectory Log : C:\Users\User\repos\SS-Magazine-Project\human_detector_robot\maps\robot1_movement_log.txt
2026-09-30 20:52:13,645 [INFO] ark5.main: READY — Press Q to quit.
2026-09-30 20:52:13,696 [INFO] ark5.udp: Auto-discovered Robot ESP32 at IP: 192.168.137.76 (updated from 192.168.137.11)
2026-09-30 20:52:13,697 [INFO] ark5.main: [CMD] WATCHDOG FWD          v=+0.220 m/s  w=+0.000 rad/s  state=CRUISE
2026-09-30 20:52:13,702 [INFO] ark5.main: [WATCHDOG] State timeout (8s) — reset to CRUISE
2026-09-30 20:52:14,134 [INFO] ark5.main: [CMD] FSM      FWD          v=+0.220 m/s  w=+0.000 rad/s  state=CRUISE
2026-09-30 20:52:16,822 [INFO] ark5.main: [CMD] FSM      FWD+TURN_L   v=+0.220 m/s  w=+0.250 rad/s  state=CRUISE
2026-09-30 20:52:17,101 [INFO] ark5.main: [CMD] FSM      FWD          v=+0.220 m/s  w=+0.000 rad/s  state=CRUISE
2026-09-30 20:52:18,287 [INFO] ark5.main: [CMD] FSM      FWD+TURN_L   v=+0.220 m/s  w=+0.250 rad/s  state=CRUISE
2026-09-30 20:52:18,675 [INFO] ark5.main: [CMD] FSM      FWD          v=+0.220 m/s  w=+0.000 rad/s  state=CRUISE
2026-09-30 20:52:19,865 [INFO] ark5.main: [CMD] FSM      FWD+TURN_L   v=+0.220 m/s  w=+0.250 rad/s  state=CRUISE
2026-09-30 20:52:20,207 [INFO] ark5.main: [CMD] FSM      FWD          v=+0.220 m/s  w=+0.000 rad/s  state=CRUISE
2026-09-30 20:52:21,390 [INFO] ark5.main: [CMD] FSM      FWD+TURN_L   v=+0.220 m/s  w=+0.250 rad/s  state=CRUISE
2026-09-30 20:52:21,767 [INFO] ark5.main: [CMD] WATCHDOG FWD          v=+0.220 m/s  w=+0.000 rad/s  state=CRUISE
2026-09-30 20:52:22,104 [INFO] ark5.main: [CMD] FSM      FWD          v=+0.220 m/s  w=+0.000 rad/s  state=CRUISE
2026-09-30 20:52:22,949 [INFO] ark5.main: [CMD] FSM      FWD+TURN_L   v=+0.220 m/s  w=+0.250 rad/s  state=CRUISE
2026-09-30 20:52:23,288 [INFO] ark5.main: [CMD] FSM      FWD          v=+0.220 m/s  w=+0.000 rad/s  state=CRUISE
2026-09-30 20:52:24,495 [INFO] ark5.main: [CMD] FSM      FWD+TURN_L   v=+0.220 m/s  w=+0.250 rad/s  state=CRUISE
2026-09-30 20:52:24,869 [INFO] ark5.main: [CMD] FSM      FWD          v=+0.220 m/s  w=+0.000 rad/s  state=CRUISE
2026-09-30 20:52:26,038 [INFO] ark5.main: [CMD] FSM      FWD+TURN_L   v=+0.220 m/s  w=+0.250 rad/s  state=CRUISE
2026-09-30 20:52:26,400 [INFO] ark5.main: [CMD] FSM      FWD          v=+0.220 m/s  w=+0.000 rad/s  state=CRUISE
2026-09-30 20:52:27,567 [INFO] ark5.main: [CMD] FSM      FWD+TURN_L   v=+0.220 m/s  w=+0.250 rad/s  state=CRUISE
2026-09-30 20:52:27,895 [INFO] ark5.main: [CMD] FSM      FWD          v=+0.220 m/s  w=+0.000 rad/s  state=CRUISE
2026-09-30 20:52:29,123 [INFO] ark5.main: [CMD] FSM      FWD+TURN_L   v=+0.220 m/s  w=+0.250 rad/s  state=CRUISE
2026-09-30 20:52:29,515 [INFO] ark5.main: [CMD] FSM      FWD          v=+0.220 m/s  w=+0.000 rad/s  state=CRUISE
2026-09-30 20:52:29,779 [INFO] ark5.main: [CMD] WATCHDOG FWD          v=+0.220 m/s  w=+0.000 rad/s  state=CRUISE
2026-09-30 20:52:30,140 [INFO] ark5.main: [CMD] FSM      FWD          v=+0.220 m/s  w=+0.000 rad/s  state=CRUISE
2026-09-30 20:52:30,626 [INFO] ark5.main: [CMD] FSM      FWD+TURN_L   v=+0.220 m/s  w=+0.250 rad/s  state=CRUISE
2026-09-30 20:52:30,967 [INFO] ark5.main: [CMD] FSM      FWD          v=+0.220 m/s  w=+0.000 rad/s  state=CRUISE
2026-09-30 20:52:32,170 [INFO] ark5.main: [CMD] FSM      FWD+TURN_L   v=+0.220 m/s  w=+0.250 rad/s  state=CRUISE
2026-09-30 20:52:32,545 [INFO] ark5.main: [CMD] FSM      FWD          v=+0.220 m/s  w=+0.000 rad/s  state=CRUISE
2026-09-30 20:52:33,775 [INFO] ark5.main: [CMD] FSM      FWD+TURN_L   v=+0.220 m/s  w=+0.250 rad/s  state=CRUISE
2026-09-30 20:52:34,102 [INFO] ark5.main: [CMD] FSM      FWD          v=+0.220 m/s  w=+0.000 rad/s  state=CRUISE
2026-09-30 20:52:35,352 [INFO] ark5.main: [CMD] FSM      FWD+TURN_L   v=+0.220 m/s  w=+0.250 rad/s  state=CRUISE
2026-09-30 20:52:35,710 [INFO] ark5.main: [CMD] FSM      FWD          v=+0.220 m/s  w=+0.000 rad/s  state=CRUISE
2026-09-30 20:52:36,881 [INFO] ark5.main: [CMD] FSM      FWD+TURN_L   v=+0.220 m/s  w=+0.250 rad/s  state=CRUISE
2026-09-30 20:52:37,253 [INFO] ark5.main: [CMD] FSM      FWD          v=+0.220 m/s  w=+0.000 rad/s  state=CRUISE
2026-09-30 20:52:37,806 [INFO] ark5.main: [CMD] WATCHDOG FWD          v=+0.220 m/s  w=+0.000 rad/s  state=CRUISE
2026-09-30 20:52:38,155 [INFO] ark5.main: [CMD] FSM      FWD          v=+0.220 m/s  w=+0.000 rad/s  state=CRUISE
2026-09-30 20:52:38,437 [INFO] ark5.main: [CMD] FSM      FWD+TURN_L   v=+0.220 m/s  w=+0.250 rad/s  state=CRUISE
2026-09-30 20:52:38,811 [INFO] ark5.main: [CMD] FSM      FWD          v=+0.220 m/s  w=+0.000 rad/s  state=CRUISE
2026-09-30 20:52:40,001 [INFO] ark5.main: [CMD] FSM      FWD+TURN_L   v=+0.220 m/s  w=+0.250 rad/s  state=CRUISE
2026-09-30 20:52:40,329 [INFO] ark5.main: [CMD] FSM      FWD          v=+0.220 m/s  w=+0.000 rad/s  state=CRUISE
2026-09-30 20:52:41,513 [INFO] ark5.main: [CMD] FSM      FWD+TURN_L   v=+0.220 m/s  w=+0.250 rad/s  state=CRUISE
2026-09-30 20:52:41,838 [INFO] ark5.main: [CMD] FSM      FWD          v=+0.220 m/s  w=+0.000 rad/s  state=CRUISE
2026-09-30 20:52:43,069 [INFO] ark5.main: [CMD] FSM      FWD+TURN_L   v=+0.220 m/s  w=+0.250 rad/s  state=CRUISE
2026-09-30 20:52:43,324 [INFO] ark5.main: [CMD] FSM      FWD          v=+0.220 m/s  w=+0.000 rad/s  state=CRUISE
2026-09-30 20:52:44,591 [INFO] ark5.main: [CMD] FSM      FWD+TURN_L   v=+0.220 m/s  w=+0.250 rad/s  state=CRUISE
2026-09-30 20:52:44,837 [INFO] ark5.main: [CMD] FSM      FWD          v=+0.220 m/s  w=+0.000 rad/s  state=CRUISE
2026-09-30 20:52:45,005 [WARNING] ark5.vision: Stream read fail — reconnect try ho raha hai: http://192.168.137.55:81/stream
2026-09-30 20:52:45,794 [INFO] ark5.main: [CMD] WATCHDOG FWD          v=+0.220 m/s  w=+0.000 rad/s  state=CRUISE
2026-09-30 20:52:46,138 [INFO] ark5.main: [CMD] FSM      FWD          v=+0.220 m/s  w=+0.000 rad/s  state=CRUISE
2026-09-30 20:52:47,542 [INFO] ark5.main: [CMD] FSM      FWD+TURN_L   v=+0.220 m/s  w=+0.250 rad/s  state=CRUISE
2026-09-30 20:52:47,901 [INFO] ark5.main: [CMD] FSM      FWD          v=+0.220 m/s  w=+0.000 rad/s  state=CRUISE
2026-09-30 20:52:49,108 [INFO] ark5.main: [CMD] FSM      FWD+TURN_L   v=+0.220 m/s  w=+0.250 rad/s  state=CRUISE
2026-09-30 20:52:49,455 [INFO] ark5.main: [CMD] FSM      FWD          v=+0.220 m/s  w=+0.000 rad/s  state=CRUISE
2026-09-30 20:52:50,655 [INFO] ark5.main: [CMD] FSM      FWD+TURN_L   v=+0.220 m/s  w=+0.250 rad/s  state=CRUISE
2026-09-30 20:52:50,970 [INFO] ark5.main: [CMD] FSM      FWD          v=+0.220 m/s  w=+0.000 rad/s  state=CRUISE
2026-09-30 20:52:52,217 [INFO] ark5.main: [CMD] FSM      FWD+TURN_L   v=+0.220 m/s  w=+0.250 rad/s  state=CRUISE
2026-09-30 20:52:52,578 [INFO] ark5.main: [CMD] FSM      FWD          v=+0.220 m/s  w=+0.000 rad/s  state=CRUISE
2026-09-30 20:52:53,760 [INFO] ark5.main: [CMD] FSM      FWD+TURN_L   v=+0.220 m/s  w=+0.250 rad/s  state=CRUISE
2026-09-30 20:52:54,107 [INFO] ark5.main: [CMD] FSM      FWD          v=+0.220 m/s  w=+0.000 rad/s  state=CRUISE
2026-09-30 20:52:55,314 [INFO] ark5.main: [CMD] FSM      FWD+TURN_L   v=+0.220 m/s  w=+0.250 rad/s  state=CRUISE
2026-09-30 20:52:55,651 [INFO] ark5.main: [CMD] FSM      FWD          v=+0.220 m/s  w=+0.000 rad/s  state=CRUISE
2026-09-30 20:52:56,837 [INFO] ark5.main: [CMD] FSM      FWD+TURN_L   v=+0.220 m/s  w=+0.250 rad/s  state=CRUISE
2026-09-30 20:52:57,179 [INFO] ark5.main: [CMD] FSM      FWD          v=+0.220 m/s  w=+0.000 rad/s  state=CRUISE
2026-09-30 20:52:58,387 [INFO] ark5.main: [CMD] FSM      FWD+TURN_L   v=+0.220 m/s  w=+0.250 rad/s  state=CRUISE
2026-09-30 20:52:58,721 [INFO] ark5.main: [CMD] FSM      FWD          v=+0.220 m/s  w=+0.000 rad/s  state=CRUISE
2026-09-30 20:52:59,981 [INFO] ark5.main: [CMD] FSM      FWD+TURN_L   v=+0.220 m/s  w=+0.250 rad/s  state=CRUISE
2026-09-30 20:53:00,278 [INFO] ark5.main: [CMD] FSM      FWD          v=+0.220 m/s  w=+0.000 rad/s  state=CRUISE
2026-09-30 20:53:01,511 [INFO] ark5.main: [CMD] FSM      FWD+TURN_L   v=+0.220 m/s  w=+0.250 rad/s  state=CRUISE
2026-09-30 20:53:01,887 [INFO] ark5.main: [CMD] WATCHDOG FWD          v=+0.220 m/s  w=+0.000 rad/s  state=CRUISE
2026-09-30 20:53:02,243 [INFO] ark5.main: [CMD] FSM      FWD          v=+0.220 m/s  w=+0.000 rad/s  state=CRUISE
2026-09-30 20:53:03,008 [INFO] ark5.main: [CMD] FSM      FWD+TURN_L   v=+0.220 m/s  w=+0.250 rad/s  state=CRUISE
2026-09-30 20:53:03,382 [INFO] ark5.main: [CMD] FSM      FWD          v=+0.220 m/s  w=+0.000 rad/s  state=CRUISE
2026-09-30 20:53:04,577 [INFO] ark5.main: [CMD] FSM      FWD+TURN_L   v=+0.220 m/s  w=+0.250 rad/s  state=CRUISE
2026-09-30 20:53:04,786 [INFO] ark5.main: [SONAR] Wall at 365cm — stopping
2026-09-30 20:53:04,827 [INFO] ark5.main: [SCAN] Creep to 30-40cm (robot will rotate in place next)...
2026-09-30 20:53:04,926 [INFO] ark5.main: [CMD] FSM      FWD          v=+0.060 m/s  w=+0.000 rad/s  state=CREEP_TO_SCAN
2026-09-30 20:53:07,850 [INFO] ark5.main: [CMD] FSM      STOP         v=+0.000 m/s  w=+0.000 rad/s  state=WIFI_SCAN
2026-09-30 20:53:07,850 [INFO] ark5.main: [SCAN] Creep timeout (3s) — scanning from 364cm
2026-09-30 20:53:08,681 [INFO] ark5.main: [SCAN] Side sensors blocked — robot rotating...
2026-09-30 20:53:08,693 [INFO] ark5.main: [CMD] FSM      TURN_L       v=+0.000 m/s  w=+0.350 rad/s  state=SCAN_ROTATE
2026-09-30 20:53:16,753 [INFO] ark5.main: [CMD] WATCHDOG FWD          v=+0.220 m/s  w=+0.000 rad/s  state=CRUISE
2026-09-30 20:53:16,753 [INFO] ark5.main: [WATCHDOG] State timeout (8s) — reset to CRUISE
2026-09-30 20:53:17,097 [INFO] ark5.main: [CMD] FSM      FWD          v=+0.220 m/s  w=+0.000 rad/s  state=CRUISE
2026-09-30 20:53:18,379 [INFO] ark5.main: [CMD] FSM      FWD+TURN_R   v=+0.220 m/s  w=-0.190 rad/s  state=CRUISE
2026-09-30 20:53:18,767 [INFO] ark5.main: [CMD] FSM      FWD          v=+0.220 m/s  w=+0.000 rad/s  state=CRUISE
2026-09-30 20:53:19,962 [INFO] ark5.main: [CMD] FSM      FWD+TURN_R   v=+0.220 m/s  w=-0.191 rad/s  state=CRUISE
2026-09-30 20:53:20,330 [INFO] ark5.main: [CMD] FSM      FWD          v=+0.220 m/s  w=+0.000 rad/s  state=CRUISE
2026-09-30 20:53:21,536 [INFO] ark5.main: [CMD] FSM      FWD+TURN_R   v=+0.220 m/s  w=-0.192 rad/s  state=CRUISE
2026-09-30 20:53:21,919 [INFO] ark5.main: [CMD] FSM      FWD          v=+0.220 m/s  w=+0.000 rad/s  state=CRUISE
2026-09-30 20:53:23,096 [INFO] ark5.main: [CMD] FSM      FWD+TURN_R   v=+0.220 m/s  w=-0.193 rad/s  state=CRUISE
2026-09-30 20:53:23,395 [INFO] ark5.main: [CMD] FSM      FWD          v=+0.220 m/s  w=+0.000 rad/s  state=CRUISE
2026-09-30 20:53:24,638 [INFO] ark5.main: [CMD] FSM      FWD+TURN_R   v=+0.220 m/s  w=-0.193 rad/s  state=CRUISE
2026-09-30 20:53:24,908 [INFO] ark5.main: [CMD] FSM      FWD          v=+0.220 m/s  w=+0.000 rad/s  state=CRUISE
2026-09-30 20:53:26,096 [INFO] ark5.main: [CMD] FSM      FWD+TURN_R   v=+0.220 m/s  w=-0.193 rad/s  state=CRUISE
2026-09-30 20:53:26,464 [INFO] ark5.main: [CMD] FSM      FWD          v=+0.220 m/s  w=+0.000 rad/s  state=CRUISE
2026-09-30 20:53:27,686 [INFO] ark5.main: [CMD] FSM      FWD+TURN_R   v=+0.220 m/s  w=-0.194 rad/s  state=CRUISE
2026-09-30 20:53:28,015 [INFO] ark5.main: [CMD] FSM      FWD          v=+0.220 m/s  w=+0.000 rad/s  state=CRUISE
2026-09-30 20:53:29,278 [INFO] ark5.main: [CMD] FSM      FWD+TURN_R   v=+0.220 m/s  w=-0.195 rad/s  state=CRUISE
2026-09-30 20:53:29,636 [INFO] ark5.main: [CMD] FSM      FWD          v=+0.220 m/s  w=+0.000 rad/s  state=CRUISE
2026-09-30 20:53:30,850 [INFO] ark5.main: [CMD] FSM      FWD+TURN_R   v=+0.220 m/s  w=-0.195 rad/s  state=CRUISE
2026-09-30 20:53:31,165 [INFO] ark5.main: [CMD] FSM      FWD          v=+0.220 m/s  w=+0.000 rad/s  state=CRUISE
2026-09-30 20:53:32,369 [INFO] ark5.main: [CMD] FSM      FWD+TURN_R   v=+0.220 m/s  w=-0.196 rad/s  state=CRUISE
2026-09-30 20:53:32,757 [INFO] ark5.main: [CMD] FSM      FWD          v=+0.220 m/s  w=+0.000 rad/s  state=CRUISE
2026-09-30 20:53:33,954 [INFO] ark5.main: [CMD] FSM      FWD+TURN_R   v=+0.220 m/s  w=-0.196 rad/s  state=CRUISE
2026-09-30 20:53:34,237 [INFO] ark5.main: [CMD] FSM      FWD          v=+0.220 m/s  w=+0.000 rad/s  state=CRUISE
2026-09-30 20:53:35,446 [INFO] ark5.main: [CMD] FSM      FWD+TURN_R   v=+0.220 m/s  w=-0.197 rad/s  state=CRUISE
2026-09-30 20:53:35,734 [INFO] ark5.main: [CMD] FSM      FWD          v=+0.220 m/s  w=+0.000 rad/s  state=CRUISE
2026-09-30 20:53:36,981 [INFO] ark5.main: [CMD] FSM      FWD+TURN_R   v=+0.220 m/s  w=-0.197 rad/s  state=CRUISE
2026-09-30 20:53:37,354 [INFO] ark5.main: [CMD] FSM      FWD          v=+0.220 m/s  w=+0.000 rad/s  state=CRUISE
2026-09-30 20:53:38,494 [INFO] ark5.main: [CMD] FSM      FWD+TURN_R   v=+0.220 m/s  w=-0.198 rad/s  state=CRUISE
2026-09-30 20:53:38,873 [INFO] ark5.main: [CMD] FSM      FWD          v=+0.220 m/s  w=+0.000 rad/s  state=CRUISE
2026-09-30 20:53:40,058 [INFO] ark5.main: [CMD] FSM      FWD+TURN_R   v=+0.220 m/s  w=-0.199 rad/s  state=CRUISE
2026-09-30 20:53:40,363 [INFO] ark5.main: [CMD] FSM      FWD          v=+0.220 m/s  w=+0.000 rad/s  state=CRUISE
2026-09-30 20:53:40,806 [INFO] ark5.main: [CMD] WATCHDOG FWD          v=+0.220 m/s  w=+0.000 rad/s  state=CRUISE
2026-09-30 20:53:41,188 [INFO] ark5.main: [CMD] FSM      FWD          v=+0.220 m/s  w=+0.000 rad/s  state=CRUISE
2026-09-30 20:53:41,563 [INFO] ark5.main: [CMD] FSM      FWD+TURN_R   v=+0.220 m/s  w=-0.200 rad/s  state=CRUISE
2026-09-30 20:53:41,906 [INFO] ark5.main: [CMD] FSM      FWD          v=+0.220 m/s  w=+0.000 rad/s  state=CRUISE
2026-09-30 20:53:43,107 [INFO] ark5.main: [CMD] FSM      FWD+TURN_R   v=+0.220 m/s  w=-0.200 rad/s  state=CRUISE
2026-09-30 20:53:43,443 [INFO] ark5.main: [CMD] FSM      FWD          v=+0.220 m/s  w=+0.000 rad/s  state=CRUISE
2026-09-30 20:53:44,675 [INFO] ark5.main: [CMD] FSM      FWD+TURN_R   v=+0.220 m/s  w=-0.201 rad/s  state=CRUISE
2026-09-30 20:53:44,927 [INFO] ark5.main: [CMD] FSM      FWD          v=+0.220 m/s  w=+0.000 rad/s  state=CRUISE
2026-09-30 20:53:46,187 [INFO] ark5.main: [CMD] FSM      FWD+TURN_R   v=+0.220 m/s  w=-0.202 rad/s  state=CRUISE
2026-09-30 20:53:46,546 [INFO] ark5.main: [CMD] FSM      FWD          v=+0.220 m/s  w=+0.000 rad/s  state=CRUISE
2026-09-30 20:53:47,728 [INFO] ark5.main: [CMD] FSM      FWD+TURN_R   v=+0.220 m/s  w=-0.202 rad/s  state=CRUISE
2026-09-30 20:53:48,020 [INFO] ark5.main: [CMD] FSM      FWD          v=+0.220 m/s  w=+0.000 rad/s  state=CRUISE
2026-09-30 20:53:48,863 [INFO] ark5.main: [CMD] WATCHDOG FWD          v=+0.220 m/s  w=+0.000 rad/s  state=CRUISE
2026-09-30 20:53:49,238 [INFO] ark5.main: [CMD] FSM      FWD+TURN_R   v=+0.220 m/s  w=-0.202 rad/s  state=CRUISE
2026-09-30 20:53:49,611 [INFO] ark5.main: [CMD] FSM      FWD          v=+0.220 m/s  w=+0.000 rad/s  state=CRUISE
2026-09-30 20:53:50,806 [INFO] ark5.main: [CMD] FSM      FWD+TURN_R   v=+0.220 m/s  w=-0.202 rad/s  state=CRUISE
2026-09-30 20:53:51,164 [INFO] ark5.main: [CMD] FSM      FWD          v=+0.220 m/s  w=+0.000 rad/s  state=CRUISE
2026-09-30 20:53:52,364 [INFO] ark5.main: [CMD] FSM      FWD+TURN_R   v=+0.220 m/s  w=-0.203 rad/s  state=CRUISE
2026-09-30 20:53:52,738 [INFO] ark5.main: [CMD] FSM      FWD          v=+0.220 m/s  w=+0.000 rad/s  state=CRUISE
2026-09-30 20:53:53,950 [INFO] ark5.main: [CMD] FSM      FWD+TURN_R   v=+0.220 m/s  w=-0.203 rad/s  state=CRUISE
2026-09-30 20:53:54,331 [INFO] ark5.main: [CMD] FSM      FWD          v=+0.220 m/s  w=+0.000 rad/s  state=CRUISE
2026-09-30 20:53:55,481 [INFO] ark5.main: [CMD] FSM      FWD+TURN_R   v=+0.220 m/s  w=-0.203 rad/s  state=CRUISE
2026-09-30 20:53:55,840 [INFO] ark5.main: [CMD] FSM      FWD          v=+0.220 m/s  w=+0.000 rad/s  state=CRUISE
2026-09-30 20:53:56,892 [INFO] ark5.main: [CMD] WATCHDOG FWD          v=+0.220 m/s  w=+0.000 rad/s  state=CRUISE
2026-09-30 20:53:57,272 [INFO] ark5.main: [CMD] FSM      FWD          v=+0.220 m/s  w=+0.000 rad/s  state=CRUISE
2026-09-30 20:53:58,656 [INFO] ark5.main: [CMD] FSM      FWD+TURN_R   v=+0.220 m/s  w=-0.204 rad/s  state=CRUISE
2026-09-30 20:53:58,987 [INFO] ark5.main: [CMD] FSM      FWD          v=+0.220 m/s  w=+0.000 rad/s  state=CRUISE
2026-09-30 20:54:00,140 [INFO] ark5.main: [CMD] FSM      FWD+TURN_R   v=+0.220 m/s  w=-0.204 rad/s  state=CRUISE
2026-09-30 20:54:00,425 [INFO] ark5.main: [CMD] FSM      FWD          v=+0.220 m/s  w=+0.000 rad/s  state=CRUISE
2026-09-30 20:54:01,702 [INFO] ark5.main: [CMD] FSM      FWD+TURN_R   v=+0.220 m/s  w=-0.205 rad/s  state=CRUISE
2026-09-30 20:54:02,061 [INFO] ark5.main: [CMD] FSM      FWD          v=+0.220 m/s  w=+0.000 rad/s  state=CRUISE
2026-09-30 20:54:03,253 [INFO] ark5.main: [CMD] FSM      FWD+TURN_R   v=+0.220 m/s  w=-0.206 rad/s  state=CRUISE
2026-09-30 20:54:03,567 [INFO] ark5.main: [CMD] FSM      FWD          v=+0.220 m/s  w=+0.000 rad/s  state=CRUISE
2026-09-30 20:54:04,742 [INFO] ark5.main: [CMD] FSM      FWD+TURN_R   v=+0.220 m/s  w=-0.207 rad/s  state=CRUISE
2026-09-30 20:54:05,135 [INFO] ark5.main: [CMD] FSM      FWD          v=+0.220 m/s  w=+0.000 rad/s  state=CRUISE
2026-09-30 20:54:06,336 [INFO] ark5.main: [CMD] FSM      FWD+TURN_R   v=+0.220 m/s  w=-0.207 rad/s  state=CRUISE
2026-09-30 20:54:06,643 [INFO] ark5.main: [CMD] FSM      FWD          v=+0.220 m/s  w=+0.000 rad/s  state=CRUISE
2026-09-30 20:54:07,845 [INFO] ark5.main: [CMD] FSM      FWD+TURN_R   v=+0.220 m/s  w=-0.208 rad/s  state=CRUISE
2026-09-30 20:54:08,171 [INFO] ark5.main: [CMD] FSM      FWD          v=+0.220 m/s  w=+0.000 rad/s  state=CRUISE
2026-09-30 20:54:09,388 [INFO] ark5.main: [CMD] FSM      FWD+TURN_R   v=+0.220 m/s  w=-0.208 rad/s  state=CRUISE
2026-09-30 20:54:09,699 [INFO] ark5.main: [CMD] FSM      FWD          v=+0.220 m/s  w=+0.000 rad/s  state=CRUISE
2026-09-30 20:54:10,963 [INFO] ark5.main: [CMD] FSM      FWD+TURN_R   v=+0.220 m/s  w=-0.209 rad/s  state=CRUISE
2026-09-30 20:54:11,313 [INFO] ark5.main: [CMD] FSM      FWD          v=+0.220 m/s  w=+0.000 rad/s  state=CRUISE
2026-09-30 20:54:12,544 [INFO] ark5.main: [CMD] FSM      FWD+TURN_R   v=+0.220 m/s  w=-0.210 rad/s  state=CRUISE
2026-09-30 20:54:12,818 [INFO] ark5.main: [CMD] FSM      FWD          v=+0.220 m/s  w=+0.000 rad/s  state=CRUISE
2026-09-30 20:54:14,019 [INFO] ark5.main: [CMD] FSM      FWD+TURN_R   v=+0.220 m/s  w=-0.211 rad/s  state=CRUISE
2026-09-30 20:54:14,442 [INFO] ark5.main: [CMD] FSM      FWD          v=+0.220 m/s  w=+0.000 rad/s  state=CRUISE
2026-09-30 20:54:15,597 [INFO] ark5.main: [CMD] FSM      FWD+TURN_R   v=+0.220 m/s  w=-0.212 rad/s  state=CRUISE
2026-09-30 20:54:15,988 [INFO] ark5.main: [CMD] FSM      FWD          v=+0.220 m/s  w=+0.000 rad/s  state=CRUISE
2026-09-30 20:54:17,001 [WARNING] ark5.vision: Stream read fail — reconnect try ho raha hai: http://192.168.137.55:81/stream
2026-09-30 20:54:17,158 [INFO] ark5.main: [CMD] FSM      FWD+TURN_R   v=+0.220 m/s  w=-0.212 rad/s  state=CRUISE
2026-09-30 20:54:17,500 [INFO] ark5.main: [CMD] FSM      FWD          v=+0.220 m/s  w=+0.000 rad/s  state=CRUISE
2026-09-30 20:54:18,685 [INFO] ark5.main: [CMD] FSM      FWD+TURN_R   v=+0.220 m/s  w=-0.212 rad/s  state=CRUISE
2026-09-30 20:54:19,043 [INFO] ark5.main: [CMD] FSM      FWD          v=+0.220 m/s  w=+0.000 rad/s  state=CRUISE
2026-09-30 20:54:20,198 [INFO] ark5.main: [CMD] FSM      FWD+TURN_R   v=+0.220 m/s  w=-0.213 rad/s  state=CRUISE
2026-09-30 20:54:20,569 [INFO] ark5.main: [CMD] FSM      FWD          v=+0.220 m/s  w=+0.000 rad/s  state=CRUISE
2026-09-30 20:54:21,035 [INFO] ark5.main: [CMD] WATCHDOG FWD          v=+0.220 m/s  w=+0.000 rad/s  state=CRUISE
2026-09-30 20:54:21,305 [INFO] ark5.main: [CMD] FSM      FWD          v=+0.220 m/s  w=+0.000 rad/s  state=CRUISE
2026-09-30 20:54:21,682 [INFO] ark5.main: [CMD] FSM      FWD+TURN_R   v=+0.220 m/s  w=-0.214 rad/s  state=CRUISE
2026-09-30 20:54:22,055 [INFO] ark5.main: [CMD] FSM      FWD          v=+0.220 m/s  w=+0.000 rad/s  state=CRUISE
2026-09-30 20:54:23,293 [INFO] ark5.main: [CMD] FSM      FWD+TURN_R   v=+0.220 m/s  w=-0.215 rad/s  state=CRUISE
2026-09-30 20:54:23,571 [INFO] ark5.main: [CMD] FSM      FWD          v=+0.220 m/s  w=+0.000 rad/s  state=CRUISE
2026-09-30 20:54:24,800 [INFO] ark5.main: [CMD] FSM      FWD+TURN_R   v=+0.220 m/s  w=-0.216 rad/s  state=CRUISE
2026-09-30 20:54:25,204 [INFO] ark5.main: [CMD] FSM      FWD          v=+0.220 m/s  w=+0.000 rad/s  state=CRUISE
2026-09-30 20:54:26,388 [INFO] ark5.main: [CMD] FSM      FWD+TURN_R   v=+0.220 m/s  w=-0.216 rad/s  state=CRUISE
2026-09-30 20:54:26,735 [INFO] ark5.main: [CMD] FSM      FWD          v=+0.220 m/s  w=+0.000 rad/s  state=CRUISE
2026-09-30 20:54:28,001 [INFO] ark5.main: [CMD] FSM      FWD+TURN_R   v=+0.220 m/s  w=-0.216 rad/s  state=CRUISE
2026-09-30 20:54:28,231 [INFO] ark5.main: [CMD] FSM      FWD          v=+0.220 m/s  w=+0.000 rad/s  state=CRUISE
2026-09-30 20:54:28,983 [INFO] ark5.main: [CMD] WATCHDOG FWD          v=+0.220 m/s  w=+0.000 rad/s  state=CRUISE
2026-09-30 20:54:29,351 [INFO] ark5.main: [CMD] FSM      FWD          v=+0.220 m/s  w=+0.000 rad/s  state=CRUISE
2026-09-30 20:54:31,064 [INFO] ark5.main: [CMD] FSM      FWD+TURN_R   v=+0.220 m/s  w=-0.219 rad/s  state=CRUISE
2026-09-30 20:54:31,337 [INFO] ark5.main: [CMD] FSM      FWD          v=+0.220 m/s  w=+0.000 rad/s  state=CRUISE
2026-09-30 20:54:32,585 [INFO] ark5.main: [CMD] FSM      FWD+TURN_R   v=+0.220 m/s  w=-0.219 rad/s  state=CRUISE
2026-09-30 20:54:32,896 [INFO] ark5.main: [CMD] FSM      FWD          v=+0.220 m/s  w=+0.000 rad/s  state=CRUISE
2026-09-30 20:54:34,299 [INFO] ark5.main: [CMD] FSM      FWD+TURN_R   v=+0.220 m/s  w=-0.219 rad/s  state=CRUISE
2026-09-30 20:54:34,592 [WARNING] ark5.main: FAILSAFE: 1.6s se robot se telemetry nahi aayi — motors STOP
2026-09-30 20:54:34,639 [INFO] ark5.main: [CMD] FAILSAFE STOP         v=+0.000 m/s  w=+0.000 rad/s  state=CRUISE
2026-09-30 20:55:16,357 [INFO] ark5.main: EXIT: Stopped by user (Ctrl+C).
2026-09-30 20:55:16,360 [INFO] ark5.main: Final 2D Map -> C:\Users\User\repos\SS-Magazine-Project\human_detector_robot\maps\robot1_map.txt
2026-09-30 20:55:16,360 [INFO] ark5.main: Final MPU/Sonar Trajectory Log -> C:\Users\User\repos\SS-Magazine-Project\human_detector_robot\maps\robot1_movement_log.txt
2026-09-30 23:34:51,011 [INFO] ark5.main: =======================================================
2026-09-30 23:34:51,012 [INFO] ark5.main:   ARK-5 Human Detector — Brain Starting for ROBOT #1
2026-09-30 23:34:51,014 [INFO] ark5.main:   ESP32 Host    : 192.168.137.11:4210 (Telem port: 4211)
2026-09-30 23:34:51,014 [INFO] ark5.main:   Camera Stream : http://192.168.137.10:81/stream
2026-09-30 23:34:51,014 [INFO] ark5.main: =======================================================
2026-09-30 23:35:10,834 [INFO] ark5.vision: Loading YOLO weights: C:\Users\User\repos\SS-Magazine-Project\human_detector_robot\models\yolo11n.pt
2026-09-30 23:35:29,603 [INFO] ark5.main: Camera Stream OK (http://192.168.137.182:81/stream)
2026-09-30 23:35:29,607 [INFO] ark5.main: 2D ASCII Map file       : C:\Users\User\repos\SS-Magazine-Project\human_detector_robot\maps\robot1_map.txt
2026-09-30 23:35:29,608 [INFO] ark5.main: Movement/Trajectory Log : C:\Users\User\repos\SS-Magazine-Project\human_detector_robot\maps\robot1_movement_log.txt
2026-09-30 23:35:29,608 [INFO] ark5.main: READY — Press Q to quit.
2026-09-30 23:35:29,683 [WARNING] ark5.main: FAILSAFE: infs se robot se telemetry nahi aayi — motors STOP
2026-09-30 23:35:29,685 [INFO] ark5.main: [CMD] FAILSAFE STOP         v=+0.000 m/s  w=+0.000 rad/s  state=CRUISE
2026-09-30 23:35:30,417 [INFO] ark5.main: MAP & TRAJECTORY saved -> robot1_map.txt & robot1_movement_log.txt
2026-09-30 23:35:30,417 [INFO] ark5.main: [CV] HUMAN FALLEN detected (conf=0.49)
2026-09-30 23:35:30,681 [INFO] ark5.udp: Auto-discovered Robot ESP32 at IP: 192.168.137.122 (updated from 192.168.137.11)
2026-09-30 23:35:30,682 [INFO] ark5.main: Telemetry link wapis aa gaya — failsafe hata diya
2026-09-30 23:35:30,683 [INFO] ark5.main: [CMD] FSM      STOP         v=+0.000 m/s  w=+0.000 rad/s  state=ALERT_PAUSE
2026-09-30 23:35:30,698 [INFO] ark5.main: MAP & TRAJECTORY saved -> robot1_map.txt & robot1_movement_log.txt
2026-09-30 23:35:32,441 [INFO] ark5.main: [CMD] FSM      FWD          v=+0.220 m/s  w=+0.000 rad/s  state=CRUISE
2026-09-30 23:35:32,443 [INFO] ark5.main: [MAP] Human logged — resuming...
2026-09-30 23:35:32,929 [INFO] ark5.main: [CMD] FSM      FWD+TURN_R   v=+0.220 m/s  w=-0.250 rad/s  state=CRUISE
2026-09-30 23:35:35,093 [WARNING] ark5.main: FAILSAFE: 1.5s se robot se telemetry nahi aayi — motors STOP
2026-09-30 23:35:35,094 [INFO] ark5.main: [CMD] FAILSAFE STOP         v=+0.000 m/s  w=+0.000 rad/s  state=CRUISE
2026-09-30 23:35:35,779 [INFO] ark5.main: Telemetry link wapis aa gaya — failsafe hata diya
2026-09-30 23:35:35,780 [INFO] ark5.main: [CMD] FSM      FWD+TURN_R   v=+0.220 m/s  w=-0.250 rad/s  state=CRUISE
2026-09-30 23:35:37,572 [WARNING] ark5.main: FAILSAFE: 1.8s se robot se telemetry nahi aayi — motors STOP
2026-09-30 23:35:37,574 [INFO] ark5.main: [CMD] FAILSAFE STOP         v=+0.000 m/s  w=+0.000 rad/s  state=CRUISE
2026-09-30 23:35:39,433 [INFO] ark5.main: Telemetry link wapis aa gaya — failsafe hata diya
2026-09-30 23:35:39,434 [INFO] ark5.main: [CMD] FSM      FWD+TURN_R   v=+0.220 m/s  w=-0.250 rad/s  state=CRUISE
2026-09-30 23:35:40,594 [INFO] ark5.main: [CMD] WATCHDOG FWD          v=+0.220 m/s  w=+0.000 rad/s  state=CRUISE
2026-09-30 23:35:40,595 [INFO] ark5.main: [WATCHDOG] State timeout (8s) — reset to CRUISE
2026-09-30 23:35:40,951 [WARNING] ark5.main: FAILSAFE: 1.5s se robot se telemetry nahi aayi — motors STOP
2026-09-30 23:35:40,952 [INFO] ark5.main: [CMD] FAILSAFE STOP         v=+0.000 m/s  w=+0.000 rad/s  state=CRUISE
2026-09-30 23:35:41,115 [INFO] ark5.main: Telemetry link wapis aa gaya — failsafe hata diya
2026-09-30 23:35:41,337 [INFO] ark5.main: [CMD] FSM      FWD          v=+0.220 m/s  w=+0.000 rad/s  state=CRUISE
2026-09-30 23:35:42,280 [INFO] ark5.main: [CMD] FSM      FWD+TURN_L   v=+0.220 m/s  w=+0.250 rad/s  state=CRUISE
2026-09-30 23:35:42,498 [INFO] ark5.main: [CMD] FSM      FWD          v=+0.220 m/s  w=+0.000 rad/s  state=CRUISE
2026-09-30 23:35:42,639 [WARNING] ark5.main: FAILSAFE: 1.5s se robot se telemetry nahi aayi — motors STOP
2026-09-30 23:35:42,856 [INFO] ark5.main: [CMD] FAILSAFE STOP         v=+0.000 m/s  w=+0.000 rad/s  state=CRUISE
2026-09-30 23:35:43,124 [INFO] ark5.main: Telemetry link wapis aa gaya — failsafe hata diya
2026-09-30 23:35:43,136 [INFO] ark5.main: [CMD] FSM      FWD          v=+0.220 m/s  w=+0.000 rad/s  state=CRUISE
2026-09-30 23:35:43,771 [INFO] ark5.main: [CMD] FSM      FWD+TURN_L   v=+0.220 m/s  w=+0.250 rad/s  state=CRUISE
2026-09-30 23:35:44,084 [INFO] ark5.main: [CMD] FSM      FWD          v=+0.220 m/s  w=+0.000 rad/s  state=CRUISE
2026-09-30 23:35:45,291 [INFO] ark5.main: [CMD] FSM      FWD+TURN_L   v=+0.220 m/s  w=+0.250 rad/s  state=CRUISE
2026-09-30 23:35:45,540 [INFO] ark5.main: [CMD] FSM      FWD          v=+0.220 m/s  w=+0.000 rad/s  state=CRUISE
2026-09-30 23:35:46,138 [WARNING] ark5.main: FAILSAFE: 1.5s se robot se telemetry nahi aayi — motors STOP
2026-09-30 23:35:46,139 [INFO] ark5.main: [CMD] FAILSAFE STOP         v=+0.000 m/s  w=+0.000 rad/s  state=CRUISE
2026-09-30 23:35:46,274 [INFO] ark5.main: Telemetry link wapis aa gaya — failsafe hata diya
2026-09-30 23:35:46,496 [INFO] ark5.main: [CMD] FSM      FWD          v=+0.220 m/s  w=+0.000 rad/s  state=CRUISE
2026-09-30 23:35:47,790 [WARNING] ark5.main: FAILSAFE: 1.5s se robot se telemetry nahi aayi — motors STOP
2026-09-30 23:35:47,791 [INFO] ark5.main: [CMD] FAILSAFE STOP         v=+0.000 m/s  w=+0.000 rad/s  state=CRUISE
2026-09-30 23:35:50,239 [INFO] ark5.main: Telemetry link wapis aa gaya — failsafe hata diya
2026-09-30 23:35:50,240 [INFO] ark5.main: [CMD] FSM      STOP         v=+0.000 m/s  w=+0.000 rad/s  state=STOP_AT_WALL
2026-09-30 23:35:50,240 [INFO] ark5.main: [SONAR] Wall at 232cm — stopping
2026-09-30 23:35:50,264 [INFO] ark5.main: [SCAN] Creep to 30-40cm (robot will rotate in place next)...
2026-09-30 23:35:50,588 [INFO] ark5.main: [CMD] FSM      FWD          v=+0.060 m/s  w=+0.000 rad/s  state=CREEP_TO_SCAN
2026-09-30 23:35:52,655 [WARNING] ark5.main: FAILSAFE: 1.6s se robot se telemetry nahi aayi — motors STOP
2026-09-30 23:35:52,656 [INFO] ark5.main: [CMD] FAILSAFE STOP         v=+0.000 m/s  w=+0.000 rad/s  state=CREEP_TO_SCAN
2026-09-30 23:35:52,662 [INFO] ark5.main: Telemetry link wapis aa gaya — failsafe hata diya
2026-09-30 23:35:52,995 [INFO] ark5.main: [CMD] FSM      STOP         v=+0.000 m/s  w=+0.000 rad/s  state=ALERT_PAUSE
2026-09-30 23:35:52,996 [INFO] ark5.main: [CV] HUMAN FALLEN detected (conf=0.61)
2026-09-30 23:35:54,185 [WARNING] ark5.main: FAILSAFE: 1.5s se robot se telemetry nahi aayi — motors STOP
2026-09-30 23:35:54,186 [INFO] ark5.main: [CMD] FAILSAFE STOP         v=+0.000 m/s  w=+0.000 rad/s  state=ALERT_PAUSE
2026-09-30 23:35:54,477 [INFO] ark5.main: Telemetry link wapis aa gaya — failsafe hata diya
2026-09-30 23:35:54,510 [INFO] ark5.main: [CMD] FSM      STOP         v=+0.000 m/s  w=+0.000 rad/s  state=ALERT_PAUSE
2026-09-30 23:35:55,025 [INFO] ark5.main: [MAP] Human logged — continuing scan...
2026-09-30 23:35:55,178 [INFO] ark5.main: [CMD] FSM      FWD          v=+0.060 m/s  w=+0.000 rad/s  state=CREEP_TO_SCAN
2026-09-30 23:35:56,088 [WARNING] ark5.main: FAILSAFE: 1.6s se robot se telemetry nahi aayi — motors STOP
2026-09-30 23:35:56,088 [INFO] ark5.main: [CMD] FAILSAFE STOP         v=+0.000 m/s  w=+0.000 rad/s  state=CREEP_TO_SCAN
2026-09-30 23:35:58,025 [INFO] ark5.main: [SCAN] Creep timeout (3s) — scanning from 232cm
2026-09-30 23:35:58,890 [INFO] ark5.main: [SCAN] Side sensors blocked — robot rotating...
2026-09-30 23:36:00,221 [INFO] ark5.main: Telemetry link wapis aa gaya — failsafe hata diya
2026-09-30 23:36:00,221 [INFO] ark5.main: [CMD] FSM      TURN_L       v=+0.000 m/s  w=+0.350 rad/s  state=SCAN_ROTATE
2026-09-30 23:36:07,036 [INFO] ark5.main: [CMD] WATCHDOG FWD          v=+0.220 m/s  w=+0.000 rad/s  state=CRUISE
2026-09-30 23:36:07,037 [INFO] ark5.main: [WATCHDOG] State timeout (8s) — reset to CRUISE
2026-09-30 23:36:07,348 [WARNING] ark5.main: FAILSAFE: 1.5s se robot se telemetry nahi aayi — motors STOP
2026-09-30 23:36:07,349 [INFO] ark5.main: [CMD] FAILSAFE STOP         v=+0.000 m/s  w=+0.000 rad/s  state=CRUISE
2026-09-30 23:36:09,255 [INFO] ark5.main: Telemetry link wapis aa gaya — failsafe hata diya
2026-09-30 23:36:09,255 [INFO] ark5.main: [CMD] FSM      FWD          v=+0.220 m/s  w=+0.000 rad/s  state=CRUISE
2026-09-30 23:36:10,294 [INFO] ark5.main: [CMD] FSM      FWD+TURN_L   v=+0.220 m/s  w=+0.250 rad/s  state=CRUISE
2026-09-30 23:36:10,619 [INFO] ark5.main: [CMD] FSM      FWD          v=+0.220 m/s  w=+0.000 rad/s  state=CRUISE
2026-09-30 23:36:10,760 [WARNING] ark5.main: FAILSAFE: 1.5s se robot se telemetry nahi aayi — motors STOP
2026-09-30 23:36:10,947 [INFO] ark5.main: [CMD] FAILSAFE STOP         v=+0.000 m/s  w=+0.000 rad/s  state=CRUISE
2026-09-30 23:36:13,074 [INFO] ark5.main: Telemetry link wapis aa gaya — failsafe hata diya
2026-09-30 23:36:13,075 [INFO] ark5.main: [CMD] FSM      FWD          v=+0.220 m/s  w=+0.000 rad/s  state=CRUISE
2026-09-30 23:36:13,401 [INFO] ark5.main: [CMD] FSM      FWD+TURN_L   v=+0.220 m/s  w=+0.250 rad/s  state=CRUISE
2026-09-30 23:36:13,710 [INFO] ark5.main: [CMD] FSM      FWD          v=+0.220 m/s  w=+0.000 rad/s  state=CRUISE
2026-09-30 23:36:14,957 [INFO] ark5.main: [CMD] FSM      FWD+TURN_L   v=+0.220 m/s  w=+0.250 rad/s  state=CRUISE
2026-09-30 23:36:15,040 [INFO] ark5.main: [SONAR] Wall at 233cm — stopping
2026-09-30 23:36:15,048 [INFO] ark5.main: [SCAN] Creep to 30-40cm (robot will rotate in place next)...
2026-09-30 23:36:15,336 [INFO] ark5.main: [CMD] FSM      FWD          v=+0.060 m/s  w=+0.000 rad/s  state=CREEP_TO_SCAN
2026-09-30 23:36:18,053 [INFO] ark5.main: [CMD] FSM      STOP         v=+0.000 m/s  w=+0.000 rad/s  state=WIFI_SCAN
2026-09-30 23:36:18,054 [INFO] ark5.main: [SCAN] Creep timeout (3s) — scanning from 232cm
2026-09-30 23:36:18,939 [INFO] ark5.main: [SCAN] Side sensors blocked — robot rotating...
2026-09-30 23:36:18,971 [INFO] ark5.main: [CMD] FSM      TURN_L       v=+0.000 m/s  w=+0.350 rad/s  state=SCAN_ROTATE
2026-09-30 23:36:19,541 [WARNING] ark5.main: FAILSAFE: 1.5s se robot se telemetry nahi aayi — motors STOP
2026-09-30 23:36:19,542 [INFO] ark5.main: [CMD] FAILSAFE STOP         v=+0.000 m/s  w=+0.000 rad/s  state=SCAN_ROTATE
2026-09-30 23:36:19,830 [INFO] ark5.main: Telemetry link wapis aa gaya — failsafe hata diya
2026-09-30 23:36:19,831 [INFO] ark5.main: [CMD] FSM      TURN_L       v=+0.000 m/s  w=+0.350 rad/s  state=SCAN_ROTATE
2026-09-30 23:36:26,964 [INFO] ark5.main: [CMD] WATCHDOG FWD          v=+0.220 m/s  w=+0.000 rad/s  state=CRUISE
2026-09-30 23:36:26,965 [INFO] ark5.main: [WATCHDOG] State timeout (8s) — reset to CRUISE
2026-09-30 23:36:27,411 [INFO] ark5.main: [CMD] FSM      FWD          v=+0.220 m/s  w=+0.000 rad/s  state=CRUISE
2026-09-30 23:36:28,569 [INFO] ark5.main: [CMD] FSM      FWD+TURN_L   v=+0.220 m/s  w=+0.250 rad/s  state=CRUISE
2026-09-30 23:36:28,878 [INFO] ark5.main: [CMD] FSM      FWD          v=+0.220 m/s  w=+0.000 rad/s  state=CRUISE
2026-09-30 23:36:30,264 [INFO] ark5.main: [CMD] FSM      FWD+TURN_L   v=+0.220 m/s  w=+0.250 rad/s  state=CRUISE
2026-09-30 23:36:30,491 [INFO] ark5.main: [CMD] FSM      FWD          v=+0.220 m/s  w=+0.000 rad/s  state=CRUISE
2026-09-30 23:36:31,576 [INFO] ark5.main: [CMD] FSM      FWD+TURN_L   v=+0.220 m/s  w=+0.250 rad/s  state=CRUISE
2026-09-30 23:36:32,131 [INFO] ark5.main: [CMD] FSM      FWD          v=+0.220 m/s  w=+0.000 rad/s  state=CRUISE
2026-09-30 23:36:33,186 [WARNING] ark5.main: FAILSAFE: 1.6s se robot se telemetry nahi aayi — motors STOP
2026-09-30 23:36:33,187 [INFO] ark5.main: [CMD] FAILSAFE STOP         v=+0.000 m/s  w=+0.000 rad/s  state=CRUISE
2026-09-30 23:36:33,443 [INFO] ark5.main: Telemetry link wapis aa gaya — failsafe hata diya
2026-09-30 23:36:33,451 [INFO] ark5.main: [CMD] FSM      FWD          v=+0.220 m/s  w=+0.000 rad/s  state=CRUISE
2026-09-30 23:36:34,930 [INFO] ark5.main: [CMD] FSM      FWD+TURN_L   v=+0.220 m/s  w=+0.250 rad/s  state=CRUISE
2026-09-30 23:36:35,373 [INFO] ark5.main: [CMD] FSM      FWD          v=+0.220 m/s  w=+0.000 rad/s  state=CRUISE
2026-09-30 23:36:36,524 [INFO] ark5.main: [CMD] FSM      FWD+TURN_L   v=+0.220 m/s  w=+0.250 rad/s  state=CRUISE
2026-09-30 23:36:36,990 [INFO] ark5.main: [CMD] FSM      FWD          v=+0.220 m/s  w=+0.000 rad/s  state=CRUISE
2026-09-30 23:36:38,096 [INFO] ark5.main: [CMD] FSM      FWD+TURN_L   v=+0.220 m/s  w=+0.250 rad/s  state=CRUISE
2026-09-30 23:36:38,577 [INFO] ark5.main: [CMD] FSM      FWD          v=+0.220 m/s  w=+0.000 rad/s  state=CRUISE
2026-09-30 23:36:39,718 [INFO] ark5.main: [CMD] FSM      FWD+TURN_L   v=+0.220 m/s  w=+0.250 rad/s  state=CRUISE
2026-09-30 23:36:40,260 [INFO] ark5.main: [CMD] FSM      FWD          v=+0.220 m/s  w=+0.000 rad/s  state=CRUISE
2026-09-30 23:36:41,196 [WARNING] ark5.main: FAILSAFE: 1.5s se robot se telemetry nahi aayi — motors STOP
2026-09-30 23:36:41,197 [INFO] ark5.main: [CMD] FAILSAFE STOP         v=+0.000 m/s  w=+0.000 rad/s  state=CRUISE
2026-09-30 23:36:41,418 [INFO] ark5.main: Telemetry link wapis aa gaya — failsafe hata diya
2026-09-30 23:36:41,448 [INFO] ark5.main: [CMD] FSM      FWD          v=+0.220 m/s  w=+0.000 rad/s  state=CRUISE
2026-09-30 23:36:42,775 [INFO] ark5.main: [CMD] FSM      FWD+TURN_L   v=+0.220 m/s  w=+0.250 rad/s  state=CRUISE
2026-09-30 23:36:43,268 [INFO] ark5.main: [CMD] FSM      FWD          v=+0.220 m/s  w=+0.000 rad/s  state=CRUISE
2026-09-30 23:36:44,508 [INFO] ark5.main: [CMD] FSM      FWD+TURN_L   v=+0.220 m/s  w=+0.250 rad/s  state=CRUISE
2026-09-30 23:36:44,805 [INFO] ark5.main: [CMD] FSM      FWD          v=+0.220 m/s  w=+0.000 rad/s  state=CRUISE
2026-09-30 23:36:45,878 [INFO] ark5.main: [CMD] FSM      FWD+TURN_L   v=+0.220 m/s  w=+0.250 rad/s  state=CRUISE
2026-09-30 23:36:46,199 [INFO] ark5.main: [CMD] FSM      FWD          v=+0.220 m/s  w=+0.000 rad/s  state=CRUISE
2026-09-30 23:36:47,212 [WARNING] ark5.main: FAILSAFE: 1.7s se robot se telemetry nahi aayi — motors STOP
2026-09-30 23:36:47,213 [INFO] ark5.main: [CMD] FAILSAFE STOP         v=+0.000 m/s  w=+0.000 rad/s  state=CRUISE
2026-09-30 23:36:47,913 [INFO] ark5.main: Telemetry link wapis aa gaya — failsafe hata diya
2026-09-30 23:36:47,914 [INFO] ark5.main: [CMD] FSM      FWD          v=+0.220 m/s  w=+0.000 rad/s  state=CRUISE
2026-09-30 23:36:49,151 [INFO] ark5.main: [CMD] FSM      FWD+TURN_L   v=+0.220 m/s  w=+0.250 rad/s  state=CRUISE
2026-09-30 23:36:49,414 [WARNING] ark5.main: FAILSAFE: 1.5s se robot se telemetry nahi aayi — motors STOP
2026-09-30 23:36:49,584 [INFO] ark5.main: Telemetry link wapis aa gaya — failsafe hata diya
2026-09-30 23:36:49,594 [INFO] ark5.main: [CMD] FSM      FWD          v=+0.220 m/s  w=+0.000 rad/s  state=CRUISE
2026-09-30 23:36:50,857 [INFO] ark5.main: [CMD] FSM      FWD+TURN_L   v=+0.220 m/s  w=+0.250 rad/s  state=CRUISE
2026-09-30 23:36:51,119 [WARNING] ark5.main: FAILSAFE: 1.5s se robot se telemetry nahi aayi — motors STOP
2026-09-30 23:36:51,383 [INFO] ark5.main: [CMD] FAILSAFE STOP         v=+0.000 m/s  w=+0.000 rad/s  state=CRUISE
2026-09-30 23:37:07,275 [INFO] ark5.main: Telemetry link wapis aa gaya — failsafe hata diya
2026-09-30 23:37:07,277 [INFO] ark5.main: [CMD] WATCHDOG FWD          v=+0.220 m/s  w=+0.000 rad/s  state=CRUISE
2026-09-30 23:37:07,637 [INFO] ark5.main: [CMD] FSM      FWD          v=+0.220 m/s  w=+0.000 rad/s  state=CRUISE
2026-09-30 23:37:08,447 [INFO] ark5.main: [CMD] FSM      FWD+TURN_L   v=+0.220 m/s  w=+0.250 rad/s  state=CRUISE
2026-09-30 23:37:08,954 [WARNING] ark5.main: FAILSAFE: 1.7s se robot se telemetry nahi aayi — motors STOP
2026-09-30 23:37:08,986 [INFO] ark5.main: [CMD] FAILSAFE STOP         v=+0.000 m/s  w=+0.000 rad/s  state=CRUISE
2026-09-30 23:37:10,063 [INFO] ark5.main: Telemetry link wapis aa gaya — failsafe hata diya
2026-09-30 23:37:10,067 [INFO] ark5.main: [CMD] FSM      FWD+TURN_L   v=+0.220 m/s  w=+0.250 rad/s  state=CRUISE
2026-09-30 23:37:10,608 [INFO] ark5.main: [CMD] FSM      FWD          v=+0.220 m/s  w=+0.000 rad/s  state=CRUISE
2026-09-30 23:37:11,667 [WARNING] ark5.main: FAILSAFE: 1.6s se robot se telemetry nahi aayi — motors STOP
2026-09-30 23:37:11,668 [INFO] ark5.main: [CMD] FAILSAFE STOP         v=+0.000 m/s  w=+0.000 rad/s  state=CRUISE
2026-09-30 23:37:14,877 [INFO] ark5.main: Telemetry link wapis aa gaya — failsafe hata diya
2026-09-30 23:37:14,878 [INFO] ark5.main: [CMD] FSM      STOP         v=+0.000 m/s  w=+0.000 rad/s  state=STOP_AT_WALL
2026-09-30 23:37:14,879 [INFO] ark5.main: [SONAR] Wall at 232cm — stopping
2026-09-30 23:37:14,891 [INFO] ark5.main: [SCAN] Creep to 30-40cm (robot will rotate in place next)...
2026-09-30 23:37:15,118 [INFO] ark5.main: [CMD] FSM      FWD          v=+0.060 m/s  w=+0.000 rad/s  state=CREEP_TO_SCAN
2026-09-30 23:37:16,122 [INFO] ark5.main: [CMD] FSM      STOP         v=+0.000 m/s  w=+0.000 rad/s  state=ALERT_PAUSE
2026-09-30 23:37:16,123 [INFO] ark5.main: [CV] HUMAN FALLEN detected (conf=0.45)
2026-09-30 23:37:17,601 [WARNING] ark5.main: FAILSAFE: 1.7s se robot se telemetry nahi aayi — motors STOP
2026-09-30 23:37:17,602 [INFO] ark5.main: [CMD] FAILSAFE STOP         v=+0.000 m/s  w=+0.000 rad/s  state=ALERT_PAUSE
2026-09-30 23:37:18,180 [INFO] ark5.main: [MAP] Human logged — continuing scan...
2026-09-30 23:37:20,307 [INFO] ark5.main: Telemetry link wapis aa gaya — failsafe hata diya
2026-09-30 23:37:20,308 [INFO] ark5.main: [CMD] FSM      FWD          v=+0.060 m/s  w=+0.000 rad/s  state=CREEP_TO_SCAN
2026-09-30 23:37:21,215 [INFO] ark5.main: [CMD] FSM      STOP         v=+0.000 m/s  w=+0.000 rad/s  state=WIFI_SCAN
2026-09-30 23:37:21,217 [INFO] ark5.main: [SCAN] Creep timeout (3s) — scanning from 232cm
2026-09-30 23:37:22,090 [INFO] ark5.main: [SCAN] Side sensors blocked — robot rotating...
2026-09-30 23:37:22,136 [INFO] ark5.main: [CMD] FSM      TURN_L       v=+0.000 m/s  w=+0.350 rad/s  state=SCAN_ROTATE
2026-09-30 23:37:25,559 [WARNING] ark5.main: FAILSAFE: 1.7s se robot se telemetry nahi aayi — motors STOP
2026-09-30 23:37:25,560 [INFO] ark5.main: [CMD] FAILSAFE STOP         v=+0.000 m/s  w=+0.000 rad/s  state=SCAN_ROTATE
2026-09-30 23:37:27,678 [INFO] ark5.main: Telemetry link wapis aa gaya — failsafe hata diya
2026-09-30 23:37:27,679 [INFO] ark5.main: [CMD] FSM      TURN_L       v=+0.000 m/s  w=+0.350 rad/s  state=SCAN_ROTATE
2026-09-30 23:37:30,373 [INFO] ark5.main: [CMD] WATCHDOG FWD          v=+0.220 m/s  w=+0.000 rad/s  state=CRUISE
2026-09-30 23:37:30,374 [INFO] ark5.main: [WATCHDOG] State timeout (8s) — reset to CRUISE
2026-09-30 23:37:30,699 [INFO] ark5.main: [SONAR] Wall at 224cm — stopping
2026-09-30 23:37:30,713 [INFO] ark5.main: [CMD] FSM      STOP         v=+0.000 m/s  w=+0.000 rad/s  state=CREEP_TO_SCAN
2026-09-30 23:37:30,713 [INFO] ark5.main: [SCAN] Creep to 30-40cm (robot will rotate in place next)...
2026-09-30 23:37:31,261 [INFO] ark5.main: [CMD] FSM      FWD          v=+0.060 m/s  w=+0.000 rad/s  state=CREEP_TO_SCAN
2026-09-30 23:37:32,794 [WARNING] ark5.main: FAILSAFE: 1.5s se robot se telemetry nahi aayi — motors STOP
2026-09-30 23:37:32,795 [INFO] ark5.main: [CMD] FAILSAFE STOP         v=+0.000 m/s  w=+0.000 rad/s  state=CREEP_TO_SCAN
2026-09-30 23:37:33,374 [INFO] ark5.main: Telemetry link wapis aa gaya — failsafe hata diya
2026-09-30 23:37:33,375 [INFO] ark5.main: [CMD] FSM      FWD          v=+0.060 m/s  w=+0.000 rad/s  state=CREEP_TO_SCAN
2026-09-30 23:37:33,939 [INFO] ark5.main: [CMD] FSM      STOP         v=+0.000 m/s  w=+0.000 rad/s  state=WIFI_SCAN
2026-09-30 23:37:33,941 [INFO] ark5.main: [SCAN] Creep timeout (3s) — scanning from 224cm
2026-09-30 23:37:34,862 [INFO] ark5.main: [SCAN] Side sensors blocked — robot rotating...
2026-09-30 23:37:34,894 [INFO] ark5.main: [CMD] FSM      TURN_L       v=+0.000 m/s  w=+0.350 rad/s  state=SCAN_ROTATE
2026-09-30 23:37:35,145 [WARNING] ark5.main: FAILSAFE: 1.5s se robot se telemetry nahi aayi — motors STOP
2026-09-30 23:37:35,440 [INFO] ark5.main: [CMD] FAILSAFE STOP         v=+0.000 m/s  w=+0.000 rad/s  state=SCAN_ROTATE
2026-09-30 23:37:42,503 [INFO] ark5.main: Telemetry link wapis aa gaya — failsafe hata diya
2026-09-30 23:37:42,504 [INFO] ark5.main: [CMD] FSM      TURN_L       v=+0.000 m/s  w=+0.350 rad/s  state=SCAN_ROTATE
2026-09-30 23:37:42,995 [INFO] ark5.main: [CMD] WATCHDOG FWD          v=+0.220 m/s  w=+0.000 rad/s  state=CRUISE
2026-09-30 23:37:42,996 [INFO] ark5.main: [WATCHDOG] State timeout (8s) — reset to CRUISE
2026-09-30 23:37:43,232 [INFO] ark5.main: [SONAR] Wall at 224cm — stopping
2026-09-30 23:37:43,278 [INFO] ark5.main: [SCAN] Creep to 30-40cm (robot will rotate in place next)...
2026-09-30 23:37:43,542 [INFO] ark5.main: [CMD] FSM      FWD          v=+0.060 m/s  w=+0.000 rad/s  state=CREEP_TO_SCAN
2026-09-30 23:37:44,015 [WARNING] ark5.main: FAILSAFE: 1.5s se robot se telemetry nahi aayi — motors STOP
2026-09-30 23:37:44,016 [INFO] ark5.main: [CMD] FAILSAFE STOP         v=+0.000 m/s  w=+0.000 rad/s  state=CREEP_TO_SCAN
2026-09-30 23:37:46,137 [WARNING] ark5.vision: Stream read fail — reconnect try ho raha hai: http://192.168.137.182:81/stream
2026-09-30 23:37:46,441 [INFO] ark5.main: [SCAN] Creep timeout (3s) — scanning from 224cm
2026-09-30 23:37:47,408 [INFO] ark5.main: [SCAN] Side sensors blocked — robot rotating...
2026-09-30 23:37:53,195 [INFO] ark5.main: Telemetry link wapis aa gaya — failsafe hata diya
2026-09-30 23:37:53,197 [INFO] ark5.main: [CMD] FSM      TURN_L       v=+0.000 m/s  w=+0.350 rad/s  state=SCAN_ROTATE
2026-09-30 23:37:54,712 [WARNING] ark5.main: FAILSAFE: 1.5s se robot se telemetry nahi aayi — motors STOP
2026-09-30 23:37:54,713 [INFO] ark5.main: [CMD] FAILSAFE STOP         v=+0.000 m/s  w=+0.000 rad/s  state=SCAN_ROTATE
2026-09-30 23:37:58,668 [INFO] ark5.main: Telemetry link wapis aa gaya — failsafe hata diya
2026-09-30 23:37:58,669 [INFO] ark5.main: [CMD] WATCHDOG FWD          v=+0.220 m/s  w=+0.000 rad/s  state=CRUISE
2026-09-30 23:37:58,670 [INFO] ark5.main: [WATCHDOG] State timeout (8s) — reset to CRUISE
2026-09-30 23:37:58,964 [INFO] ark5.main: [CMD] FSM      FWD          v=+0.220 m/s  w=+0.000 rad/s  state=CRUISE
2026-09-30 23:38:00,268 [WARNING] ark5.main: FAILSAFE: 1.6s se robot se telemetry nahi aayi — motors STOP
2026-09-30 23:38:00,269 [INFO] ark5.main: [CMD] FAILSAFE STOP         v=+0.000 m/s  w=+0.000 rad/s  state=CRUISE
2026-09-30 23:38:03,015 [INFO] ark5.main: EXIT: Stopped by user (Ctrl+C).
2026-09-30 23:38:03,020 [INFO] ark5.main: Final 2D Map -> C:\Users\User\repos\SS-Magazine-Project\human_detector_robot\maps\robot1_map.txt
2026-09-30 23:38:03,022 [INFO] ark5.main: Final MPU/Sonar Trajectory Log -> C:\Users\User\repos\SS-Magazine-Project\human_detector_robot\maps\robot1_movement_log.txt
2026-09-30 23:39:29,764 [INFO] ark5.main: =======================================================
2026-09-30 23:39:29,764 [INFO] ark5.main:   ARK-5 Human Detector — Brain Starting for ROBOT #1
2026-09-30 23:39:29,765 [INFO] ark5.main:   ESP32 Host    : 192.168.137.11:4210 (Telem port: 4211)
2026-09-30 23:39:29,765 [INFO] ark5.main:   Camera Stream : http://192.168.137.10:81/stream
2026-09-30 23:39:29,765 [INFO] ark5.main: =======================================================
2026-09-30 23:39:32,388 [INFO] ark5.vision: Loading YOLO weights: C:\Users\User\repos\SS-Magazine-Project\human_detector_robot\models\yolo11n.pt
2026-09-30 23:42:39,148 [WARNING] ark5.vision: Stream read fail — reconnect try ho raha hai: http://192.168.137.10:81/stream
2026-09-30 23:42:39,149 [INFO] ark5.main: Camera Stream OK (http://192.168.137.10:81/stream)
2026-09-30 23:42:39,153 [INFO] ark5.main: 2D ASCII Map file       : C:\Users\User\repos\SS-Magazine-Project\human_detector_robot\maps\robot1_map.txt
2026-09-30 23:42:39,154 [INFO] ark5.main: Movement/Trajectory Log : C:\Users\User\repos\SS-Magazine-Project\human_detector_robot\maps\robot1_movement_log.txt
2026-09-30 23:42:39,154 [INFO] ark5.main: READY — Press Q to quit.
2026-09-30 23:42:51,576 [INFO] ark5.main: EXIT: Stopped by user (Ctrl+C).
2026-09-30 23:42:51,580 [INFO] ark5.main: Final 2D Map -> C:\Users\User\repos\SS-Magazine-Project\human_detector_robot\maps\robot1_map.txt
2026-09-30 23:42:51,581 [INFO] ark5.main: Final MPU/Sonar Trajectory Log -> C:\Users\User\repos\SS-Magazine-Project\human_detector_robot\maps\robot1_movement_log.txt
2026-09-30 23:42:56,175 [INFO] ark5.main: =======================================================
2026-09-30 23:42:56,176 [INFO] ark5.main:   ARK-5 Human Detector — Brain Starting for ROBOT #1
2026-09-30 23:42:56,177 [INFO] ark5.main:   ESP32 Host    : 192.168.137.11:4210 (Telem port: 4211)
2026-09-30 23:42:56,178 [INFO] ark5.main:   Camera Stream : http://192.168.137.10:81/stream
2026-09-30 23:42:56,178 [INFO] ark5.main: =======================================================
2026-09-30 23:42:58,558 [INFO] ark5.vision: Loading YOLO weights: C:\Users\User\repos\SS-Magazine-Project\human_detector_robot\models\yolo11n.pt
2026-09-30 23:43:03,351 [INFO] ark5.main: Camera Stream OK (http://192.168.137.182:81/stream)
2026-09-30 23:43:03,354 [INFO] ark5.main: 2D ASCII Map file       : C:\Users\User\repos\SS-Magazine-Project\human_detector_robot\maps\robot1_map.txt
2026-09-30 23:43:03,354 [INFO] ark5.main: Movement/Trajectory Log : C:\Users\User\repos\SS-Magazine-Project\human_detector_robot\maps\robot1_movement_log.txt
2026-09-30 23:43:03,355 [INFO] ark5.main: READY — Press Q to quit.
2026-09-30 23:43:03,407 [INFO] ark5.udp: Auto-discovered Robot ESP32 at IP: 192.168.137.122 (updated from 192.168.137.11)
2026-09-30 23:43:03,409 [INFO] ark5.main: [CMD] WATCHDOG FWD          v=+0.220 m/s  w=+0.000 rad/s  state=CRUISE
2026-09-30 23:43:03,414 [INFO] ark5.main: [WATCHDOG] State timeout (8s) — reset to CRUISE
2026-09-30 23:43:03,903 [INFO] ark5.main: [CMD] FSM      FWD          v=+0.220 m/s  w=+0.000 rad/s  state=CRUISE
2026-09-30 23:43:04,043 [INFO] ark5.main: [SONAR] Wall at 234cm — stopping
2026-09-30 23:43:04,071 [INFO] ark5.main: [SCAN] Creep to 30-40cm (robot will rotate in place next)...
2026-09-30 23:43:07,161 [INFO] ark5.main: [CMD] FSM      STOP         v=+0.000 m/s  w=+0.000 rad/s  state=WIFI_SCAN
2026-09-30 23:43:07,162 [INFO] ark5.main: [SCAN] Creep timeout (3s) — scanning from 99cm
2026-09-30 23:43:07,970 [INFO] ark5.main: [SCAN] Side sensors blocked — robot rotating...
2026-09-30 23:43:08,016 [INFO] ark5.main: [CMD] FSM      TURN_L       v=+0.000 m/s  w=+0.350 rad/s  state=SCAN_ROTATE
2026-09-30 23:43:08,685 [INFO] ark5.main: [CMD] FSM      STOP         v=+0.000 m/s  w=+0.000 rad/s  state=ALERT_PAUSE
2026-09-30 23:43:08,689 [INFO] ark5.main: MAP & TRAJECTORY saved -> robot1_map.txt & robot1_movement_log.txt
2026-09-30 23:43:08,690 [INFO] ark5.main: [CV] HUMAN FALLEN detected (conf=0.42)
2026-09-30 23:43:10,731 [INFO] ark5.main: [MAP] Human logged — continuing scan...
2026-09-30 23:43:10,738 [INFO] ark5.main: [CMD] FSM      FWD          v=+0.060 m/s  w=+0.000 rad/s  state=CREEP_TO_SCAN
2026-09-30 23:43:13,817 [INFO] ark5.main: [CMD] FSM      STOP         v=+0.000 m/s  w=+0.000 rad/s  state=WIFI_SCAN
2026-09-30 23:43:13,818 [INFO] ark5.main: [SCAN] Creep timeout (3s) — scanning from 85cm
2026-09-30 23:43:14,617 [INFO] ark5.main: [SCAN] Side sensors blocked — robot rotating...
2026-09-30 23:43:14,736 [INFO] ark5.main: [CMD] FSM      TURN_L       v=+0.000 m/s  w=+0.350 rad/s  state=SCAN_ROTATE
2026-09-30 23:43:22,679 [INFO] ark5.main: [CMD] WATCHDOG FWD          v=+0.220 m/s  w=+0.000 rad/s  state=CRUISE
2026-09-30 23:43:22,680 [INFO] ark5.main: [WATCHDOG] State timeout (8s) — reset to CRUISE
2026-09-30 23:43:22,820 [INFO] ark5.main: [SONAR] Wall at 86cm — stopping
2026-09-30 23:43:22,850 [INFO] ark5.main: [SCAN] Creep to 30-40cm (robot will rotate in place next)...
2026-09-30 23:43:23,019 [INFO] ark5.main: [CMD] FSM      FWD          v=+0.060 m/s  w=+0.000 rad/s  state=CREEP_TO_SCAN
2026-09-30 23:43:25,948 [INFO] ark5.main: [CMD] FSM      STOP         v=+0.000 m/s  w=+0.000 rad/s  state=WIFI_SCAN
2026-09-30 23:43:25,948 [INFO] ark5.main: [SCAN] Creep timeout (3s) — scanning from 84cm
2026-09-30 23:43:26,754 [INFO] ark5.main: [SCAN] Side sensors blocked — robot rotating...
2026-09-30 23:43:26,891 [INFO] ark5.main: [CMD] FSM      TURN_L       v=+0.000 m/s  w=+0.350 rad/s  state=SCAN_ROTATE
2026-09-30 23:43:31,302 [INFO] ark5.main: [CMD] FSM      STOP         v=+0.000 m/s  w=+0.000 rad/s  state=ALERT_PAUSE
2026-09-30 23:43:31,302 [INFO] ark5.main: [CV] HUMAN FALLEN detected (conf=0.42)
2026-09-30 23:43:33,371 [INFO] ark5.main: [MAP] Human logged — continuing scan...
2026-09-30 23:43:33,379 [INFO] ark5.main: [CMD] FSM      FWD          v=+0.060 m/s  w=+0.000 rad/s  state=CREEP_TO_SCAN
2026-09-30 23:43:36,458 [INFO] ark5.main: [CMD] FSM      STOP         v=+0.000 m/s  w=+0.000 rad/s  state=WIFI_SCAN
2026-09-30 23:43:36,459 [INFO] ark5.main: [SCAN] Creep timeout (3s) — scanning from 86cm
2026-09-30 23:43:37,314 [INFO] ark5.main: [SCAN] Side sensors blocked — robot rotating...
2026-09-30 23:43:37,349 [INFO] ark5.main: [CMD] FSM      TURN_L       v=+0.000 m/s  w=+0.350 rad/s  state=SCAN_ROTATE
2026-09-30 23:43:41,043 [INFO] ark5.main: [CMD] FSM      STOP         v=+0.000 m/s  w=+0.000 rad/s  state=ALERT_PAUSE
2026-09-30 23:43:41,048 [INFO] ark5.main: MAP & TRAJECTORY saved -> robot1_map.txt & robot1_movement_log.txt
2026-09-30 23:43:41,048 [INFO] ark5.main: [CV] HUMAN FALLEN detected (conf=0.42)
2026-09-30 23:43:43,098 [INFO] ark5.main: [MAP] Human logged — continuing scan...
2026-09-30 23:43:43,131 [INFO] ark5.main: [CMD] FSM      FWD          v=+0.060 m/s  w=+0.000 rad/s  state=CREEP_TO_SCAN
2026-09-30 23:43:46,163 [INFO] ark5.main: [CMD] FSM      STOP         v=+0.000 m/s  w=+0.000 rad/s  state=WIFI_SCAN
2026-09-30 23:43:46,164 [INFO] ark5.main: [SCAN] Creep timeout (3s) — scanning from 170cm
2026-09-30 23:43:47,085 [INFO] ark5.main: [SCAN] Side sensors blocked — robot rotating...
2026-09-30 23:43:47,096 [INFO] ark5.main: [CMD] FSM      TURN_L       v=+0.000 m/s  w=+0.350 rad/s  state=SCAN_ROTATE
2026-09-30 23:43:51,012 [WARNING] ark5.main: FAILSAFE: 1.5s se robot se telemetry nahi aayi — motors STOP
2026-09-30 23:43:51,013 [INFO] ark5.main: [CMD] FAILSAFE STOP         v=+0.000 m/s  w=+0.000 rad/s  state=SCAN_ROTATE
2026-09-30 23:43:51,483 [INFO] ark5.main: Telemetry link wapis aa gaya — failsafe hata diya
2026-09-30 23:43:51,490 [INFO] ark5.main: [CMD] FSM      TURN_L       v=+0.000 m/s  w=+0.350 rad/s  state=SCAN_ROTATE
2026-09-30 23:43:55,168 [INFO] ark5.main: [CMD] WATCHDOG FWD          v=+0.220 m/s  w=+0.000 rad/s  state=CRUISE
2026-09-30 23:43:55,169 [INFO] ark5.main: [WATCHDOG] State timeout (8s) — reset to CRUISE
2026-09-30 23:43:55,424 [INFO] ark5.main: [SONAR] Wall at 232cm — stopping
2026-09-30 23:43:55,434 [INFO] ark5.main: [SCAN] Creep to 30-40cm (robot will rotate in place next)...
2026-09-30 23:43:55,625 [INFO] ark5.main: [CMD] FSM      FWD          v=+0.060 m/s  w=+0.000 rad/s  state=CREEP_TO_SCAN
2026-09-30 23:43:56,098 [INFO] ark5.main: [CMD] FSM      STOP         v=+0.000 m/s  w=+0.000 rad/s  state=ALERT_PAUSE
2026-09-30 23:43:56,099 [INFO] ark5.main: [CV] HUMAN FALLEN detected (conf=0.43)
2026-09-30 23:43:58,251 [INFO] ark5.main: [MAP] Human logged — continuing scan...
2026-09-30 23:43:58,264 [INFO] ark5.main: [CMD] FSM      FWD          v=+0.060 m/s  w=+0.000 rad/s  state=CREEP_TO_SCAN
2026-09-30 23:44:00,259 [INFO] ark5.main: [CMD] FSM      STOP         v=+0.000 m/s  w=+0.000 rad/s  state=ALERT_PAUSE
2026-09-30 23:44:00,260 [INFO] ark5.main: [CV] HUMAN FALLEN detected (conf=0.49)
2026-09-30 23:44:02,419 [INFO] ark5.main: [MAP] Human logged — continuing scan...
2026-09-30 23:44:02,449 [INFO] ark5.main: [CMD] FSM      FWD          v=+0.060 m/s  w=+0.000 rad/s  state=CREEP_TO_SCAN
2026-09-30 23:44:05,453 [INFO] ark5.main: [CMD] FSM      STOP         v=+0.000 m/s  w=+0.000 rad/s  state=WIFI_SCAN
2026-09-30 23:44:05,454 [INFO] ark5.main: [SCAN] Creep timeout (3s) — scanning from 207cm
2026-09-30 23:44:06,292 [INFO] ark5.main: [SCAN] Side sensors blocked — robot rotating...
2026-09-30 23:44:06,329 [INFO] ark5.main: [CMD] FSM      TURN_L       v=+0.000 m/s  w=+0.350 rad/s  state=SCAN_ROTATE
2026-09-30 23:44:14,426 [INFO] ark5.main: [CMD] WATCHDOG FWD          v=+0.220 m/s  w=+0.000 rad/s  state=CRUISE
2026-09-30 23:44:14,427 [INFO] ark5.main: [WATCHDOG] State timeout (8s) — reset to CRUISE
2026-09-30 23:44:14,606 [INFO] ark5.main: [SONAR] Wall at 86cm — stopping
2026-09-30 23:44:14,615 [INFO] ark5.main: [SCAN] Creep to 30-40cm (robot will rotate in place next)...
2026-09-30 23:44:14,801 [INFO] ark5.main: [CMD] FSM      FWD          v=+0.060 m/s  w=+0.000 rad/s  state=CREEP_TO_SCAN
2026-09-30 23:44:17,615 [INFO] ark5.main: [CMD] FSM      STOP         v=+0.000 m/s  w=+0.000 rad/s  state=WIFI_SCAN
2026-09-30 23:44:17,616 [INFO] ark5.main: [SCAN] Creep timeout (3s) — scanning from 85cm
2026-09-30 23:44:18,588 [INFO] ark5.main: [SCAN] Side sensors blocked — robot rotating...
2026-09-30 23:44:18,618 [INFO] ark5.main: [CMD] FSM      TURN_L       v=+0.000 m/s  w=+0.350 rad/s  state=SCAN_ROTATE
2026-09-30 23:44:24,415 [INFO] ark5.main: [CMD] FSM      STOP         v=+0.000 m/s  w=+0.000 rad/s  state=ALERT_PAUSE
2026-09-30 23:44:24,416 [INFO] ark5.main: [CV] HUMAN STANDING detected (conf=0.63)
2026-09-30 23:44:26,464 [INFO] ark5.main: [MAP] Human logged — continuing scan...
2026-09-30 23:44:26,478 [INFO] ark5.main: [CMD] FSM      FWD          v=+0.060 m/s  w=+0.000 rad/s  state=CREEP_TO_SCAN
2026-09-30 23:44:29,593 [INFO] ark5.main: [CMD] FSM      STOP         v=+0.000 m/s  w=+0.000 rad/s  state=WIFI_SCAN
2026-09-30 23:44:29,594 [INFO] ark5.main: [SCAN] Creep timeout (3s) — scanning from 103cm
2026-09-30 23:44:30,426 [INFO] ark5.main: [SCAN] Side sensors blocked — robot rotating...
2026-09-30 23:44:30,434 [INFO] ark5.main: [CMD] FSM      TURN_L       v=+0.000 m/s  w=+0.350 rad/s  state=SCAN_ROTATE
2026-09-30 23:44:38,626 [INFO] ark5.main: [CMD] WATCHDOG FWD          v=+0.220 m/s  w=+0.000 rad/s  state=CRUISE
2026-09-30 23:44:38,627 [INFO] ark5.main: [WATCHDOG] State timeout (8s) — reset to CRUISE
2026-09-30 23:44:38,857 [INFO] ark5.main: [SONAR] Wall at 85cm — stopping
2026-09-30 23:44:38,868 [INFO] ark5.main: [SCAN] Creep to 30-40cm (robot will rotate in place next)...
2026-09-30 23:44:39,057 [INFO] ark5.main: [CMD] FSM      FWD          v=+0.060 m/s  w=+0.000 rad/s  state=CREEP_TO_SCAN
2026-09-30 23:44:40,557 [INFO] ark5.main: [CMD] FSM      STOP         v=+0.000 m/s  w=+0.000 rad/s  state=ALERT_PAUSE
2026-09-30 23:44:40,558 [INFO] ark5.main: [CV] PERSON detected (conf=0.66)
2026-09-30 23:44:42,650 [INFO] ark5.main: [MAP] Human logged — continuing scan...
2026-09-30 23:44:42,681 [INFO] ark5.main: [CMD] FSM      FWD          v=+0.060 m/s  w=+0.000 rad/s  state=CREEP_TO_SCAN
2026-09-30 23:44:45,789 [INFO] ark5.main: [CMD] FSM      STOP         v=+0.000 m/s  w=+0.000 rad/s  state=WIFI_SCAN
2026-09-30 23:44:45,791 [INFO] ark5.main: [SCAN] Creep timeout (3s) — scanning from 87cm
2026-09-30 23:44:46,303 [INFO] ark5.main: [CV] HUMAN STANDING detected (conf=0.56)
2026-09-30 23:44:48,322 [INFO] ark5.main: [MAP] Human logged — continuing scan...
2026-09-30 23:44:48,364 [INFO] ark5.main: [CMD] FSM      FWD          v=+0.060 m/s  w=+0.000 rad/s  state=CREEP_TO_SCAN
2026-09-30 23:44:50,698 [INFO] ark5.main: [CMD] FSM      STOP         v=+0.000 m/s  w=+0.000 rad/s  state=ALERT_PAUSE
2026-09-30 23:44:50,699 [INFO] ark5.main: [CV] HUMAN FALLEN detected (conf=0.44)
2026-09-30 23:44:52,894 [INFO] ark5.main: [MAP] Human logged — continuing scan...
2026-09-30 23:44:52,902 [INFO] ark5.main: [CMD] FSM      FWD          v=+0.060 m/s  w=+0.000 rad/s  state=CREEP_TO_SCAN
2026-09-30 23:44:55,192 [INFO] ark5.main: [CMD] FSM      STOP         v=+0.000 m/s  w=+0.000 rad/s  state=ALERT_PAUSE
2026-09-30 23:44:55,193 [INFO] ark5.main: [CV] HUMAN FALLEN detected (conf=0.40)
2026-09-30 23:44:57,309 [INFO] ark5.main: [MAP] Human logged — continuing scan...
2026-09-30 23:44:57,321 [INFO] ark5.main: [CMD] FSM      FWD          v=+0.060 m/s  w=+0.000 rad/s  state=CREEP_TO_SCAN
2026-09-30 23:45:00,400 [INFO] ark5.main: [CMD] FSM      STOP         v=+0.000 m/s  w=+0.000 rad/s  state=WIFI_SCAN
2026-09-30 23:45:00,401 [INFO] ark5.main: [SCAN] Creep timeout (3s) — scanning from 116cm
2026-09-30 23:45:01,207 [INFO] ark5.main: [SCAN] Side sensors blocked — robot rotating...
2026-09-30 23:45:01,368 [INFO] ark5.main: [CMD] FSM      TURN_L       v=+0.000 m/s  w=+0.350 rad/s  state=SCAN_ROTATE
2026-09-30 23:45:05,274 [INFO] ark5.main: [CMD] FSM      STOP         v=+0.000 m/s  w=+0.000 rad/s  state=ALERT_PAUSE
2026-09-30 23:45:05,275 [INFO] ark5.main: [CV] HUMAN FALLEN detected (conf=0.42)
2026-09-30 23:45:07,319 [INFO] ark5.main: [MAP] Human logged — continuing scan...
2026-09-30 23:45:07,363 [INFO] ark5.main: [CMD] FSM      FWD          v=+0.060 m/s  w=+0.000 rad/s  state=CREEP_TO_SCAN
2026-09-30 23:45:10,359 [INFO] ark5.main: [CMD] FSM      STOP         v=+0.000 m/s  w=+0.000 rad/s  state=WIFI_SCAN
2026-09-30 23:45:10,361 [INFO] ark5.main: [SCAN] Creep timeout (3s) — scanning from 86cm
2026-09-30 23:45:11,269 [INFO] ark5.main: [SCAN] Side sensors blocked — robot rotating...
2026-09-30 23:45:11,277 [INFO] ark5.main: [CMD] FSM      TURN_L       v=+0.000 m/s  w=+0.350 rad/s  state=SCAN_ROTATE
2026-09-30 23:45:11,712 [INFO] ark5.main: [CV] HUMAN FALLEN detected (conf=0.42)
2026-09-30 23:45:11,724 [INFO] ark5.main: [CMD] FSM      STOP         v=+0.000 m/s  w=+0.000 rad/s  state=ALERT_PAUSE
2026-09-30 23:45:13,718 [INFO] ark5.main: [MAP] Human logged — continuing scan...
2026-09-30 23:45:13,885 [INFO] ark5.main: [CMD] FSM      FWD          v=+0.060 m/s  w=+0.000 rad/s  state=CREEP_TO_SCAN
2026-09-30 23:45:16,818 [INFO] ark5.main: [CMD] FSM      STOP         v=+0.000 m/s  w=+0.000 rad/s  state=WIFI_SCAN
2026-09-30 23:45:16,819 [INFO] ark5.main: [SCAN] Creep timeout (3s) — scanning from 88cm
2026-09-30 23:45:17,623 [INFO] ark5.main: [SCAN] Side sensors blocked — robot rotating...
2026-09-30 23:45:17,819 [INFO] ark5.main: [CMD] FSM      TURN_L       v=+0.000 m/s  w=+0.350 rad/s  state=SCAN_ROTATE
2026-09-30 23:45:18,192 [INFO] ark5.main: [CMD] FSM      STOP         v=+0.000 m/s  w=+0.000 rad/s  state=ALERT_PAUSE
2026-09-30 23:45:18,193 [INFO] ark5.main: [CV] PERSON detected (conf=0.57)
2026-09-30 23:45:20,276 [INFO] ark5.main: [MAP] Human logged — continuing scan...
2026-09-30 23:45:20,284 [INFO] ark5.main: [CMD] FSM      FWD          v=+0.060 m/s  w=+0.000 rad/s  state=CREEP_TO_SCAN
2026-09-30 23:45:23,321 [INFO] ark5.main: [CMD] FSM      STOP         v=+0.000 m/s  w=+0.000 rad/s  state=WIFI_SCAN
2026-09-30 23:45:23,322 [INFO] ark5.main: [SCAN] Creep timeout (3s) — scanning from 87cm
2026-09-30 23:45:23,834 [INFO] ark5.main: [CV] HUMAN FALLEN detected (conf=0.43)
2026-09-30 23:45:25,851 [INFO] ark5.main: [MAP] Human logged — continuing scan...
2026-09-30 23:45:26,066 [INFO] ark5.main: [CMD] FSM      FWD          v=+0.060 m/s  w=+0.000 rad/s  state=CREEP_TO_SCAN
2026-09-30 23:45:28,870 [INFO] ark5.main: [CMD] FSM      STOP         v=+0.000 m/s  w=+0.000 rad/s  state=ALERT_PAUSE
2026-09-30 23:45:28,871 [INFO] ark5.main: [CV] HUMAN STANDING detected (conf=0.68)
2026-09-30 23:45:31,030 [INFO] ark5.main: [MAP] Human logged — continuing scan...
2026-09-30 23:45:31,063 [INFO] ark5.main: [CMD] FSM      FWD          v=+0.060 m/s  w=+0.000 rad/s  state=CREEP_TO_SCAN
2026-09-30 23:45:34,123 [INFO] ark5.main: [CMD] FSM      STOP         v=+0.000 m/s  w=+0.000 rad/s  state=WIFI_SCAN
2026-09-30 23:45:34,124 [INFO] ark5.main: [SCAN] Creep timeout (3s) — scanning from 132cm
2026-09-30 23:45:34,929 [INFO] ark5.main: [SCAN] Side sensors blocked — robot rotating...
2026-09-30 23:45:34,975 [INFO] ark5.main: [CMD] FSM      TURN_L       v=+0.000 m/s  w=+0.350 rad/s  state=SCAN_ROTATE
2026-09-30 23:45:37,606 [WARNING] ark5.main: FAILSAFE: 1.6s se robot se telemetry nahi aayi — motors STOP
2026-09-30 23:45:37,607 [INFO] ark5.main: [CMD] FAILSAFE STOP         v=+0.000 m/s  w=+0.000 rad/s  state=SCAN_ROTATE
2026-09-30 23:45:38,369 [INFO] ark5.main: Telemetry link wapis aa gaya — failsafe hata diya
2026-09-30 23:45:38,370 [INFO] ark5.main: [CMD] FSM      TURN_L       v=+0.000 m/s  w=+0.350 rad/s  state=SCAN_ROTATE
2026-09-30 23:45:42,960 [INFO] ark5.main: [CMD] WATCHDOG FWD          v=+0.220 m/s  w=+0.000 rad/s  state=CRUISE
2026-09-30 23:45:42,961 [INFO] ark5.main: [WATCHDOG] State timeout (8s) — reset to CRUISE
2026-09-30 23:45:43,145 [INFO] ark5.main: [SONAR] Wall at 84cm — stopping
2026-09-30 23:45:43,174 [INFO] ark5.main: [SCAN] Creep to 30-40cm (robot will rotate in place next)...
2026-09-30 23:45:43,376 [WARNING] ark5.main: FAILSAFE: 1.6s se robot se telemetry nahi aayi — motors STOP
2026-09-30 23:45:43,408 [INFO] ark5.main: [CMD] FAILSAFE STOP         v=+0.000 m/s  w=+0.000 rad/s  state=CREEP_TO_SCAN
2026-09-30 23:45:44,198 [INFO] ark5.main: Telemetry link wapis aa gaya — failsafe hata diya
2026-09-30 23:45:44,198 [INFO] ark5.main: [CMD] FSM      FWD          v=+0.060 m/s  w=+0.000 rad/s  state=CREEP_TO_SCAN
2026-09-30 23:45:46,309 [INFO] ark5.main: [CMD] FSM      STOP         v=+0.000 m/s  w=+0.000 rad/s  state=WIFI_SCAN
2026-09-30 23:45:46,310 [INFO] ark5.main: [SCAN] Creep timeout (3s) — scanning from 88cm
2026-09-30 23:45:46,605 [WARNING] ark5.main: FAILSAFE: 1.6s se robot se telemetry nahi aayi — motors STOP
2026-09-30 23:45:46,636 [INFO] ark5.main: [CMD] FAILSAFE STOP         v=+0.000 m/s  w=+0.000 rad/s  state=WIFI_SCAN
2026-09-30 23:45:47,238 [INFO] ark5.main: [SCAN] Side sensors blocked — robot rotating...
2026-09-30 23:45:56,191 [INFO] ark5.main: Telemetry link wapis aa gaya — failsafe hata diya
2026-09-30 23:45:56,192 [INFO] ark5.main: [CMD] WATCHDOG FWD          v=+0.220 m/s  w=+0.000 rad/s  state=CRUISE
2026-09-30 23:45:56,193 [INFO] ark5.main: [WATCHDOG] State timeout (8s) — reset to CRUISE
2026-09-30 23:45:56,231 [INFO] ark5.main: [SONAR] Wall at 88cm — stopping
2026-09-30 23:45:56,429 [INFO] ark5.main: HUMAN_POSSIBLE_BEHIND_WALL
2026-09-30 23:45:56,460 [INFO] ark5.main: [CMD] FSM      STOP         v=+0.000 m/s  w=+0.000 rad/s  state=ALERT_PAUSE
2026-09-30 23:45:57,863 [WARNING] ark5.main: FAILSAFE: 1.7s se robot se telemetry nahi aayi — motors STOP
2026-09-30 23:45:57,863 [INFO] ark5.main: [CMD] FAILSAFE STOP         v=+0.000 m/s  w=+0.000 rad/s  state=ALERT_PAUSE
2026-09-30 23:45:58,481 [INFO] ark5.main: [MAP] Human logged — resuming...
2026-09-30 23:45:58,512 [INFO] ark5.main: [SONAR] Wall at 80cm — stopping
2026-09-30 23:45:58,686 [INFO] ark5.main: Telemetry link wapis aa gaya — failsafe hata diya
2026-09-30 23:45:58,687 [INFO] ark5.main: [CMD] FSM      STOP         v=+0.000 m/s  w=+0.000 rad/s  state=CREEP_TO_SCAN
2026-09-30 23:45:58,687 [INFO] ark5.main: [SCAN] Creep to 30-40cm (robot will rotate in place next)...
2026-09-30 23:45:58,900 [INFO] ark5.main: [CMD] FSM      FWD          v=+0.060 m/s  w=+0.000 rad/s  state=CREEP_TO_SCAN
2026-09-30 23:46:01,715 [INFO] ark5.main: [CMD] FSM      STOP         v=+0.000 m/s  w=+0.000 rad/s  state=WIFI_SCAN
2026-09-30 23:46:01,716 [INFO] ark5.main: [SCAN] Creep timeout (3s) — scanning from 100cm
2026-09-30 23:46:02,572 [INFO] ark5.main: [SCAN] Side sensors blocked — robot rotating...
2026-09-30 23:46:02,581 [INFO] ark5.main: [CMD] FSM      TURN_L       v=+0.000 m/s  w=+0.350 rad/s  state=SCAN_ROTATE
2026-09-30 23:46:04,390 [WARNING] ark5.main: FAILSAFE: 1.7s se robot se telemetry nahi aayi — motors STOP
2026-09-30 23:46:04,391 [INFO] ark5.main: [CMD] FAILSAFE STOP         v=+0.000 m/s  w=+0.000 rad/s  state=SCAN_ROTATE
2026-09-30 23:46:06,414 [INFO] ark5.main: Telemetry link wapis aa gaya — failsafe hata diya
2026-09-30 23:46:06,415 [INFO] ark5.main: [CMD] FSM      TURN_L       v=+0.000 m/s  w=+0.350 rad/s  state=SCAN_ROTATE
2026-09-30 23:46:10,377 [INFO] ark5.main: [CMD] FSM      STOP         v=+0.000 m/s  w=+0.000 rad/s  state=ALERT_PAUSE
2026-09-30 23:46:10,378 [INFO] ark5.main: HUMAN_POSSIBLE_BEHIND_WALL
2026-09-30 23:46:12,445 [INFO] ark5.main: [MAP] Human logged — continuing scan...
2026-09-30 23:46:12,476 [INFO] ark5.main: [CMD] FSM      FWD          v=+0.060 m/s  w=+0.000 rad/s  state=CREEP_TO_SCAN
2026-09-30 23:46:14,981 [WARNING] ark5.main: FAILSAFE: 1.5s se robot se telemetry nahi aayi — motors STOP
2026-09-30 23:46:14,982 [INFO] ark5.main: [CMD] FAILSAFE STOP         v=+0.000 m/s  w=+0.000 rad/s  state=CREEP_TO_SCAN
2026-09-30 23:46:15,157 [INFO] ark5.main: Telemetry link wapis aa gaya — failsafe hata diya
2026-09-30 23:46:15,200 [INFO] ark5.main: [CMD] FSM      FWD          v=+0.060 m/s  w=+0.000 rad/s  state=CREEP_TO_SCAN
2026-09-30 23:46:15,449 [INFO] ark5.main: [SCAN] Creep timeout (3s) — scanning from 100cm
2026-09-30 23:46:15,668 [INFO] ark5.main: [CMD] FSM      STOP         v=+0.000 m/s  w=+0.000 rad/s  state=WIFI_SCAN
2026-09-30 23:46:16,508 [INFO] ark5.main: [SCAN] Side sensors blocked — robot rotating...
2026-09-30 23:46:16,540 [INFO] ark5.main: [CMD] FSM      TURN_L       v=+0.000 m/s  w=+0.350 rad/s  state=SCAN_ROTATE
2026-09-30 23:46:16,708 [WARNING] ark5.main: FAILSAFE: 1.6s se robot se telemetry nahi aayi — motors STOP
2026-09-30 23:46:16,947 [INFO] ark5.main: [CMD] FAILSAFE STOP         v=+0.000 m/s  w=+0.000 rad/s  state=SCAN_ROTATE
2026-09-30 23:46:17,320 [WARNING] ark5.vision: Stream read fail — reconnect try ho raha hai: http://192.168.137.182:81/stream
2026-09-30 23:46:37,771 [INFO] ark5.main: Telemetry link wapis aa gaya — failsafe hata diya
2026-09-30 23:46:37,772 [INFO] ark5.main: [CMD] WATCHDOG FWD          v=+0.220 m/s  w=+0.000 rad/s  state=CRUISE
2026-09-30 23:46:37,773 [INFO] ark5.main: [WATCHDOG] State timeout (8s) — reset to CRUISE
2026-09-30 23:46:37,817 [INFO] ark5.main: [SONAR] Wall at 100cm — stopping
2026-09-30 23:46:38,006 [INFO] ark5.main: [SCAN] Creep to 30-40cm (robot will rotate in place next)...
2026-09-30 23:46:38,036 [INFO] ark5.main: [CMD] FSM      FWD          v=+0.060 m/s  w=+0.000 rad/s  state=CREEP_TO_SCAN
2026-09-30 23:46:39,299 [WARNING] ark5.main: FAILSAFE: 1.5s se robot se telemetry nahi aayi — motors STOP
2026-09-30 23:46:39,299 [INFO] ark5.main: [CMD] FAILSAFE STOP         v=+0.000 m/s  w=+0.000 rad/s  state=CREEP_TO_SCAN
2026-09-30 23:46:41,176 [INFO] ark5.main: [SCAN] Creep timeout (3s) — scanning from 100cm
2026-09-30 23:46:42,134 [INFO] ark5.main: [SCAN] Side sensors blocked — robot rotating...
2026-09-30 23:46:43,150 [INFO] ark5.main: Telemetry link wapis aa gaya — failsafe hata diya
2026-09-30 23:46:43,152 [INFO] ark5.main: [CMD] FSM      TURN_L       v=+0.000 m/s  w=+0.350 rad/s  state=SCAN_ROTATE
2026-09-30 23:46:46,129 [WARNING] ark5.main: FAILSAFE: 1.7s se robot se telemetry nahi aayi — motors STOP
2026-09-30 23:46:46,130 [INFO] ark5.main: [CMD] FAILSAFE STOP         v=+0.000 m/s  w=+0.000 rad/s  state=SCAN_ROTATE
2026-09-30 23:46:49,661 [INFO] ark5.main: Telemetry link wapis aa gaya — failsafe hata diya
2026-09-30 23:46:49,662 [INFO] ark5.main: [CMD] FSM      TURN_L       v=+0.000 m/s  w=+0.350 rad/s  state=SCAN_ROTATE
2026-09-30 23:46:50,311 [INFO] ark5.main: [CMD] WATCHDOG FWD          v=+0.220 m/s  w=+0.000 rad/s  state=CRUISE
2026-09-30 23:46:50,311 [INFO] ark5.main: [WATCHDOG] State timeout (8s) — reset to CRUISE
2026-09-30 23:46:50,732 [INFO] ark5.main: [CMD] FSM      FWD          v=+0.220 m/s  w=+0.000 rad/s  state=CRUISE
2026-09-30 23:46:51,324 [WARNING] ark5.main: FAILSAFE: 1.7s se robot se telemetry nahi aayi — motors STOP
2026-09-30 23:46:51,325 [INFO] ark5.main: [CMD] FAILSAFE STOP         v=+0.000 m/s  w=+0.000 rad/s  state=CRUISE
2026-09-30 23:46:54,426 [INFO] ark5.main: Telemetry link wapis aa gaya — failsafe hata diya
2026-09-30 23:46:54,427 [INFO] ark5.main: [CMD] FSM      FWD          v=+0.220 m/s  w=+0.000 rad/s  state=CRUISE
2026-09-30 23:46:55,176 [INFO] ark5.main: [CMD] FSM      FWD+TURN_L   v=+0.220 m/s  w=+0.102 rad/s  state=CRUISE
2026-09-30 23:46:55,671 [INFO] ark5.main: [CMD] FSM      FWD          v=+0.220 m/s  w=+0.000 rad/s  state=CRUISE
2026-09-30 23:46:56,872 [INFO] ark5.main: [CMD] FSM      FWD+TURN_L   v=+0.220 m/s  w=+0.102 rad/s  state=CRUISE
2026-09-30 23:46:57,369 [INFO] ark5.main: [CMD] FSM      FWD          v=+0.220 m/s  w=+0.000 rad/s  state=CRUISE
2026-09-30 23:46:58,496 [INFO] ark5.main: [CMD] WATCHDOG FWD          v=+0.220 m/s  w=+0.000 rad/s  state=CRUISE
2026-09-30 23:46:58,765 [INFO] ark5.main: [CMD] FSM      FWD          v=+0.220 m/s  w=+0.000 rad/s  state=CRUISE
2026-09-30 23:47:00,124 [INFO] ark5.main: [CMD] FSM      FWD+TURN_L   v=+0.220 m/s  w=+0.099 rad/s  state=CRUISE
2026-09-30 23:47:00,576 [INFO] ark5.main: [CMD] FSM      FWD          v=+0.220 m/s  w=+0.000 rad/s  state=CRUISE
2026-09-30 23:47:01,754 [WARNING] ark5.main: FAILSAFE: 1.7s se robot se telemetry nahi aayi — motors STOP
2026-09-30 23:47:01,756 [INFO] ark5.main: [CMD] FAILSAFE STOP         v=+0.000 m/s  w=+0.000 rad/s  state=CRUISE
2026-09-30 23:47:02,531 [INFO] ark5.main: Telemetry link wapis aa gaya — failsafe hata diya
2026-09-30 23:47:02,532 [INFO] ark5.main: [CMD] FSM      FWD          v=+0.220 m/s  w=+0.000 rad/s  state=CRUISE
2026-09-30 23:47:02,836 [INFO] ark5.main: EXIT: Stopped by user (Ctrl+C).
2026-09-30 23:47:02,840 [INFO] ark5.main: Final 2D Map -> C:\Users\User\repos\SS-Magazine-Project\human_detector_robot\maps\robot1_map.txt
2026-09-30 23:47:02,841 [INFO] ark5.main: Final MPU/Sonar Trajectory Log -> C:\Users\User\repos\SS-Magazine-Project\human_detector_robot\maps\robot1_movement_log.txt
2026-09-30 23:53:16,414 [INFO] ark5.main: =======================================================
2026-09-30 23:53:16,415 [INFO] ark5.main:   ARK-5 Human Detector — Brain Starting for ROBOT #1
2026-09-30 23:53:16,415 [INFO] ark5.main:   ESP32 Host    : 192.168.137.11:4210 (Telem port: 4211)
2026-09-30 23:53:16,415 [INFO] ark5.main:   Camera Stream : http://192.168.137.10:81/stream
2026-09-30 23:53:16,416 [INFO] ark5.main: =======================================================
2026-09-30 23:53:19,352 [INFO] ark5.vision: Loading YOLO weights: C:\Users\User\repos\SS-Magazine-Project\human_detector_robot\models\yolo11n.pt
2026-09-30 23:53:24,508 [INFO] ark5.main: Camera Stream OK (http://192.168.137.182:81/stream)
2026-09-30 23:53:24,510 [INFO] ark5.main: 2D ASCII Map file       : C:\Users\User\repos\SS-Magazine-Project\human_detector_robot\maps\robot1_map.txt
2026-09-30 23:53:24,511 [INFO] ark5.main: Movement/Trajectory Log : C:\Users\User\repos\SS-Magazine-Project\human_detector_robot\maps\robot1_movement_log.txt
2026-09-30 23:53:24,511 [INFO] ark5.main: READY — Press Q to quit.
2026-09-30 23:53:24,592 [WARNING] ark5.main: FAILSAFE: infs se robot se telemetry nahi aayi — motors STOP
2026-09-30 23:53:24,595 [INFO] ark5.main: [CMD] FAILSAFE STOP         v=+0.000 m/s  w=+0.000 rad/s  state=CRUISE
2026-09-30 23:53:25,659 [INFO] ark5.udp: Auto-discovered Robot ESP32 at IP: 192.168.137.122 (updated from 192.168.137.11)
2026-09-30 23:53:25,660 [INFO] ark5.main: Telemetry link wapis aa gaya — failsafe hata diya
2026-09-30 23:53:25,661 [INFO] ark5.main: [CMD] WATCHDOG FWD          v=+0.220 m/s  w=+0.000 rad/s  state=CRUISE
2026-09-30 23:53:25,662 [INFO] ark5.main: [WATCHDOG] State timeout (8s) — reset to CRUISE
2026-09-30 23:53:25,666 [INFO] ark5.main: [SONAR] Wall at 229cm — stopping
2026-09-30 23:53:25,833 [INFO] ark5.main: [SCAN] Creep to 30-40cm (robot will rotate in place next)...
2026-09-30 23:53:26,004 [INFO] ark5.main: [CMD] FSM      FWD          v=+0.060 m/s  w=+0.000 rad/s  state=CREEP_TO_SCAN
2026-09-30 23:53:26,642 [INFO] ark5.main: [CMD] FSM      STOP         v=+0.000 m/s  w=+0.000 rad/s  state=ALERT_PAUSE
2026-09-30 23:53:26,646 [INFO] ark5.main: MAP & TRAJECTORY saved -> robot1_map.txt & robot1_movement_log.txt
2026-09-30 23:53:26,647 [INFO] ark5.main: [CV] HUMAN FALLEN detected (conf=0.40)
2026-09-30 23:53:27,260 [WARNING] ark5.main: FAILSAFE: 1.6s se robot se telemetry nahi aayi — motors STOP
2026-09-30 23:53:27,260 [INFO] ark5.main: [CMD] FAILSAFE STOP         v=+0.000 m/s  w=+0.000 rad/s  state=ALERT_PAUSE
2026-09-30 23:53:27,728 [INFO] ark5.main: Telemetry link wapis aa gaya — failsafe hata diya
2026-09-30 23:53:27,729 [INFO] ark5.main: [CMD] FSM      STOP         v=+0.000 m/s  w=+0.000 rad/s  state=ALERT_PAUSE
2026-09-30 23:53:28,653 [INFO] ark5.main: [MAP] Human logged — continuing scan...
2026-09-30 23:53:28,758 [INFO] ark5.main: [CMD] FSM      FWD          v=+0.060 m/s  w=+0.000 rad/s  state=CREEP_TO_SCAN
2026-09-30 23:53:31,748 [INFO] ark5.main: [CMD] FSM      STOP         v=+0.000 m/s  w=+0.000 rad/s  state=WIFI_SCAN
2026-09-30 23:53:31,748 [INFO] ark5.main: [SCAN] Creep timeout (3s) — scanning from 229cm
2026-09-30 23:53:32,661 [WARNING] ark5.main: FAILSAFE: 1.6s se robot se telemetry nahi aayi — motors STOP
2026-09-30 23:53:32,661 [INFO] ark5.main: [CMD] FAILSAFE STOP         v=+0.000 m/s  w=+0.000 rad/s  state=SCAN_ROTATE
2026-09-30 23:53:32,662 [INFO] ark5.main: [SCAN] Side sensors blocked — robot rotating...
2026-09-30 23:53:33,341 [INFO] ark5.main: Telemetry link wapis aa gaya — failsafe hata diya
2026-09-30 23:53:33,342 [INFO] ark5.main: [CMD] FSM      TURN_L       v=+0.000 m/s  w=+0.350 rad/s  state=SCAN_ROTATE
2026-09-30 23:53:34,867 [WARNING] ark5.main: FAILSAFE: 1.5s se robot se telemetry nahi aayi — motors STOP
2026-09-30 23:53:34,867 [INFO] ark5.main: [CMD] FAILSAFE STOP         v=+0.000 m/s  w=+0.000 rad/s  state=SCAN_ROTATE
2026-09-30 23:53:36,810 [INFO] ark5.main: Telemetry link wapis aa gaya — failsafe hata diya
2026-09-30 23:53:36,811 [INFO] ark5.main: [CMD] FSM      TURN_L       v=+0.000 m/s  w=+0.350 rad/s  state=SCAN_ROTATE
2026-09-30 23:53:36,987 [INFO] ark5.main: [CV] HUMAN STANDING detected (conf=0.54)
2026-09-30 23:53:37,126 [INFO] ark5.main: [CMD] FSM      STOP         v=+0.000 m/s  w=+0.000 rad/s  state=ALERT_PAUSE
2026-09-30 23:53:39,022 [WARNING] ark5.main: FAILSAFE: 1.5s se robot se telemetry nahi aayi — motors STOP
2026-09-30 23:53:39,023 [INFO] ark5.main: [CMD] FAILSAFE STOP         v=+0.000 m/s  w=+0.000 rad/s  state=CREEP_TO_SCAN
2026-09-30 23:53:39,023 [INFO] ark5.main: [MAP] Human logged — continuing scan...
2026-09-30 23:53:42,094 [INFO] ark5.main: [SCAN] Creep timeout (3s) — scanning from 229cm
2026-09-30 23:53:42,712 [INFO] ark5.main: Telemetry link wapis aa gaya — failsafe hata diya
2026-09-30 23:53:42,713 [INFO] ark5.main: [CMD] FSM      STOP         v=+0.000 m/s  w=+0.000 rad/s  state=WIFI_SCAN
2026-09-30 23:53:42,990 [INFO] ark5.main: [SCAN] Side sensors blocked — robot rotating...
2026-09-30 23:53:43,020 [INFO] ark5.main: [CMD] FSM      TURN_L       v=+0.000 m/s  w=+0.350 rad/s  state=SCAN_ROTATE
2026-09-30 23:53:46,848 [WARNING] ark5.main: FAILSAFE: 1.5s se robot se telemetry nahi aayi — motors STOP
2026-09-30 23:53:46,849 [INFO] ark5.main: [CMD] FAILSAFE STOP         v=+0.000 m/s  w=+0.000 rad/s  state=SCAN_ROTATE
2026-09-30 23:53:46,858 [INFO] ark5.main: Telemetry link wapis aa gaya — failsafe hata diya
2026-09-30 23:53:47,127 [INFO] ark5.main: [CMD] FSM      TURN_L       v=+0.000 m/s  w=+0.350 rad/s  state=SCAN_ROTATE
2026-09-30 23:53:50,104 [WARNING] ark5.main: FAILSAFE: 1.6s se robot se telemetry nahi aayi — motors STOP
2026-09-30 23:53:50,105 [INFO] ark5.main: [CMD] FAILSAFE STOP         v=+0.000 m/s  w=+0.000 rad/s  state=SCAN_ROTATE
2026-09-30 23:53:50,848 [INFO] ark5.main: Telemetry link wapis aa gaya — failsafe hata diya
2026-09-30 23:53:50,849 [INFO] ark5.main: [CMD] FSM      TURN_L       v=+0.000 m/s  w=+0.350 rad/s  state=SCAN_ROTATE
2026-09-30 23:53:51,148 [INFO] ark5.main: [CMD] WATCHDOG FWD          v=+0.220 m/s  w=+0.000 rad/s  state=CRUISE
2026-09-30 23:53:51,149 [INFO] ark5.main: [WATCHDOG] State timeout (8s) — reset to CRUISE
2026-09-30 23:53:51,689 [INFO] ark5.main: [CMD] FSM      FWD          v=+0.220 m/s  w=+0.000 rad/s  state=CRUISE
2026-09-30 23:53:52,817 [INFO] ark5.main: [CMD] FSM      FWD+TURN_L   v=+0.220 m/s  w=+0.250 rad/s  state=CRUISE
2026-09-30 23:53:53,418 [INFO] ark5.main: [CMD] FSM      FWD          v=+0.220 m/s  w=+0.000 rad/s  state=CRUISE
2026-09-30 23:53:54,523 [INFO] ark5.main: [CMD] FSM      FWD+TURN_L   v=+0.220 m/s  w=+0.250 rad/s  state=CRUISE
2026-09-30 23:53:54,568 [WARNING] ark5.main: FAILSAFE: 1.5s se robot se telemetry nahi aayi — motors STOP
2026-09-30 23:53:54,820 [INFO] ark5.main: [CMD] FAILSAFE STOP         v=+0.000 m/s  w=+0.000 rad/s  state=CRUISE
2026-09-30 23:53:55,048 [INFO] ark5.main: Telemetry link wapis aa gaya — failsafe hata diya
2026-09-30 23:53:55,317 [INFO] ark5.main: [CMD] FSM      FWD          v=+0.220 m/s  w=+0.000 rad/s  state=CRUISE
2026-09-30 23:53:55,846 [INFO] ark5.main: [CMD] FSM      FWD+TURN_L   v=+0.220 m/s  w=+0.250 rad/s  state=CRUISE
2026-09-30 23:53:56,339 [INFO] ark5.main: [CMD] FSM      FWD          v=+0.220 m/s  w=+0.000 rad/s  state=CRUISE
2026-09-30 23:53:56,571 [WARNING] ark5.main: FAILSAFE: 1.5s se robot se telemetry nahi aayi — motors STOP
2026-09-30 23:53:56,788 [INFO] ark5.main: Telemetry link wapis aa gaya — failsafe hata diya
2026-09-30 23:53:57,485 [INFO] ark5.main: [CMD] FSM      FWD+TURN_L   v=+0.220 m/s  w=+0.250 rad/s  state=CRUISE
2026-09-30 23:53:57,937 [INFO] ark5.main: [CMD] FSM      FWD          v=+0.220 m/s  w=+0.000 rad/s  state=CRUISE
2026-09-30 23:53:58,428 [WARNING] ark5.main: FAILSAFE: 1.6s se robot se telemetry nahi aayi — motors STOP
2026-09-30 23:53:58,429 [INFO] ark5.main: [CMD] FAILSAFE STOP         v=+0.000 m/s  w=+0.000 rad/s  state=CRUISE
2026-09-30 23:53:58,940 [INFO] ark5.main: Telemetry link wapis aa gaya — failsafe hata diya
2026-09-30 23:53:58,941 [INFO] ark5.main: [CMD] FSM      FWD          v=+0.220 m/s  w=+0.000 rad/s  state=CRUISE
2026-09-30 23:53:59,254 [INFO] ark5.main: [CMD] WATCHDOG FWD          v=+0.220 m/s  w=+0.000 rad/s  state=CRUISE
2026-09-30 23:53:59,734 [INFO] ark5.main: [CMD] FSM      FWD          v=+0.220 m/s  w=+0.000 rad/s  state=CRUISE
2026-09-30 23:54:00,463 [WARNING] ark5.main: FAILSAFE: 1.5s se robot se telemetry nahi aayi — motors STOP
2026-09-30 23:54:00,465 [INFO] ark5.main: [CMD] FAILSAFE STOP         v=+0.000 m/s  w=+0.000 rad/s  state=CRUISE
2026-09-30 23:54:00,865 [INFO] ark5.main: Telemetry link wapis aa gaya — failsafe hata diya
2026-09-30 23:54:00,899 [INFO] ark5.main: [CMD] FSM      FWD          v=+0.220 m/s  w=+0.000 rad/s  state=CRUISE
2026-09-30 23:54:02,416 [WARNING] ark5.main: FAILSAFE: 1.6s se robot se telemetry nahi aayi — motors STOP
2026-09-30 23:54:02,419 [INFO] ark5.main: [CMD] FAILSAFE STOP         v=+0.000 m/s  w=+0.000 rad/s  state=CRUISE
2026-09-30 23:54:04,969 [INFO] ark5.main: Telemetry link wapis aa gaya — failsafe hata diya
2026-09-30 23:54:04,970 [INFO] ark5.main: [CMD] FSM      FWD          v=+0.220 m/s  w=+0.000 rad/s  state=CRUISE
2026-09-30 23:54:05,434 [INFO] ark5.main: [CMD] FSM      FWD+TURN_L   v=+0.220 m/s  w=+0.250 rad/s  state=CRUISE
2026-09-30 23:54:05,711 [INFO] ark5.main: [CMD] FSM      FWD          v=+0.220 m/s  w=+0.000 rad/s  state=CRUISE
2026-09-30 23:54:06,604 [WARNING] ark5.main: FAILSAFE: 1.6s se robot se telemetry nahi aayi — motors STOP
2026-09-30 23:54:06,606 [INFO] ark5.main: [CMD] FAILSAFE STOP         v=+0.000 m/s  w=+0.000 rad/s  state=CRUISE
2026-09-30 23:54:07,261 [INFO] ark5.main: Telemetry link wapis aa gaya — failsafe hata diya
2026-09-30 23:54:07,262 [INFO] ark5.main: [CMD] FSM      FWD          v=+0.220 m/s  w=+0.000 rad/s  state=CRUISE
2026-09-30 23:54:07,912 [INFO] ark5.main: EXIT: Stopped by user (Ctrl+C).
2026-09-30 23:54:07,916 [INFO] ark5.main: Final 2D Map -> C:\Users\User\repos\SS-Magazine-Project\human_detector_robot\maps\robot1_map.txt
2026-09-30 23:54:07,916 [INFO] ark5.main: Final MPU/Sonar Trajectory Log -> C:\Users\User\repos\SS-Magazine-Project\human_detector_robot\maps\robot1_movement_log.txt
2026-10-01 00:07:41,742 [INFO] ark5.main: =======================================================
2026-10-01 00:07:41,743 [INFO] ark5.main:   ARK-5 Human Detector — Brain Starting for ROBOT #1
2026-10-01 00:07:41,743 [INFO] ark5.main:   ESP32 Host    : 192.168.137.11:4210 (Telem port: 4211)
2026-10-01 00:07:41,744 [INFO] ark5.main:   Camera Stream : http://192.168.137.10:81/stream
2026-10-01 00:07:41,744 [INFO] ark5.main: =======================================================
2026-10-01 00:07:44,872 [INFO] ark5.vision: Loading YOLO weights: C:\Users\User\repos\SS-Magazine-Project\human_detector_robot\models\yolo11n.pt
2026-10-01 00:07:50,253 [INFO] ark5.main: Camera Stream OK (http://192.168.137.182:81/stream)
2026-10-01 00:07:50,256 [INFO] ark5.main: 2D ASCII Map file       : C:\Users\User\repos\SS-Magazine-Project\human_detector_robot\maps\robot1_map.txt
2026-10-01 00:07:50,257 [INFO] ark5.main: Movement/Trajectory Log : C:\Users\User\repos\SS-Magazine-Project\human_detector_robot\maps\robot1_movement_log.txt
2026-10-01 00:07:50,257 [INFO] ark5.main: READY — Press Q to quit.
2026-10-01 00:07:50,309 [INFO] ark5.udp: Auto-discovered Robot ESP32 at IP: 192.168.137.122 (updated from 192.168.137.11)
2026-10-01 00:07:50,311 [INFO] ark5.main: [CMD] DEBUG    FWD          v=+0.220 m/s  w=+0.000 rad/s  state=CRUISE
2026-10-01 00:07:50,350 [INFO] ark5.main: [WATCHDOG] State timeout (8s) — reset to CRUISE
2026-10-01 00:08:12,919 [INFO] ark5.main: MAP & TRAJECTORY saved -> robot1_map.txt & robot1_movement_log.txt
2026-10-01 00:08:12,919 [INFO] ark5.main: [CV] PERSON detected (conf=0.70)
2026-10-01 00:08:14,816 [WARNING] ark5.main: FAILSAFE: 1.5s se robot se telemetry nahi aayi — motors STOP
2026-10-01 00:08:14,971 [INFO] ark5.main: [MAP] Human logged — resuming...
2026-10-01 00:08:15,125 [INFO] ark5.main: Telemetry link wapis aa gaya — failsafe hata diya
2026-10-01 00:08:15,709 [INFO] ark5.main: [SONAR] Wall at 231cm — stopping
2026-10-01 00:08:15,814 [INFO] ark5.main: [SCAN] Creep to 30-40cm (robot will rotate in place next)...
2026-10-01 00:08:18,836 [INFO] ark5.main: [SCAN] Creep timeout (3s) — scanning from 155cm
2026-10-01 00:08:19,693 [INFO] ark5.main: [SCAN] Side sensors blocked — robot rotating...
2026-10-01 00:08:20,623 [WARNING] ark5.main: FAILSAFE: 1.5s se robot se telemetry nahi aayi — motors STOP
2026-10-01 00:08:20,862 [INFO] ark5.main: Telemetry link wapis aa gaya — failsafe hata diya
2026-10-01 00:08:26,332 [INFO] ark5.main: [CV] HUMAN FALLEN detected (conf=0.65)
2026-10-01 00:08:28,471 [INFO] ark5.main: [MAP] Human logged — continuing scan...
2026-10-01 00:08:31,597 [INFO] ark5.main: [SCAN] Creep timeout (3s) — scanning from 230cm
2026-10-01 00:08:32,482 [INFO] ark5.main: [SCAN] Side sensors blocked — robot rotating...
2026-10-01 00:08:40,522 [INFO] ark5.main: [WATCHDOG] State timeout (8s) — reset to CRUISE
2026-10-01 00:09:30,444 [INFO] ark5.main: [CV] HUMAN STANDING detected (conf=0.55)
2026-10-01 00:09:32,608 [INFO] ark5.main: [MAP] Human logged — resuming...
2026-10-01 00:09:40,740 [INFO] ark5.main: [WATCHDOG] State timeout (8s) — reset to CRUISE
2026-10-01 00:09:42,283 [INFO] ark5.main: [CV] PERSON detected (conf=0.86)
2026-10-01 00:09:44,501 [INFO] ark5.main: [MAP] Human logged — resuming...
2026-10-01 00:09:45,541 [INFO] ark5.main: [SONAR] Wall at 230cm — stopping
2026-10-01 00:09:45,761 [INFO] ark5.main: [SCAN] Creep to 30-40cm (robot will rotate in place next)...
2026-10-01 00:09:48,927 [INFO] ark5.main: [SCAN] Creep timeout (3s) — scanning from 230cm
2026-10-01 00:09:49,738 [INFO] ark5.main: [SCAN] Side sensors blocked — robot rotating...
2026-10-01 00:09:54,603 [INFO] ark5.main: [CV] HUMAN FALLEN detected (conf=0.60)
2026-10-01 00:09:56,706 [INFO] ark5.main: [MAP] Human logged — continuing scan...
2026-10-01 00:09:59,765 [INFO] ark5.main: [SCAN] Creep timeout (3s) — scanning from 229cm
2026-10-01 00:10:00,598 [INFO] ark5.main: [SCAN] Side sensors blocked — robot rotating...
2026-10-01 00:10:08,751 [INFO] ark5.main: [WATCHDOG] State timeout (8s) — reset to CRUISE
2026-10-01 00:10:08,991 [INFO] ark5.main: [SONAR] Wall at 230cm — stopping
2026-10-01 00:10:09,211 [INFO] ark5.main: [SCAN] Creep to 30-40cm (robot will rotate in place next)...
2026-10-01 00:10:12,239 [INFO] ark5.main: [SCAN] Creep timeout (3s) — scanning from 230cm
2026-10-01 00:10:13,072 [INFO] ark5.main: [SCAN] Side sensors blocked — robot rotating...
2026-10-01 00:10:18,260 [WARNING] ark5.main: FAILSAFE: 1.5s se robot se telemetry nahi aayi — motors STOP
2026-10-01 00:10:18,981 [INFO] ark5.main: [CV] PERSON detected (conf=0.56)
2026-10-01 00:10:21,048 [INFO] ark5.main: [MAP] Human logged — continuing scan...
2026-10-01 00:10:21,777 [INFO] ark5.main: Telemetry link wapis aa gaya — failsafe hata diya
2026-10-01 00:10:22,748 [INFO] ark5.main: [CV] PERSON detected (conf=0.58)
2026-10-01 00:10:23,514 [WARNING] ark5.main: FAILSAFE: 1.7s se robot se telemetry nahi aayi — motors STOP
2026-10-01 00:10:23,986 [INFO] ark5.main: Telemetry link wapis aa gaya — failsafe hata diya
2026-10-01 00:10:24,800 [INFO] ark5.main: [MAP] Human logged — continuing scan...
2026-10-01 00:10:27,280 [WARNING] ark5.main: FAILSAFE: 1.6s se robot se telemetry nahi aayi — motors STOP
2026-10-01 00:10:28,018 [INFO] ark5.main: [SCAN] Creep timeout (3s) — scanning from 226cm
2026-10-01 00:10:29,003 [INFO] ark5.main: [SCAN] Side sensors blocked — robot rotating...
2026-10-01 00:10:31,174 [INFO] ark5.main: EXIT: Stopped by user (Ctrl+C).
2026-10-01 00:10:31,185 [INFO] ark5.main: Final 2D Map -> C:\Users\User\repos\SS-Magazine-Project\human_detector_robot\maps\robot1_map.txt
2026-10-01 00:10:31,186 [INFO] ark5.main: Final MPU/Sonar Trajectory Log -> C:\Users\User\repos\SS-Magazine-Project\human_detector_robot\maps\robot1_movement_log.txt
2026-10-01 00:11:05,367 [INFO] ark5.main: =======================================================
2026-10-01 00:11:05,368 [INFO] ark5.main:   ARK-5 Human Detector — Brain Starting for ROBOT #1
2026-10-01 00:11:05,368 [INFO] ark5.main:   ESP32 Host    : 192.168.137.11:4210 (Telem port: 4211)
2026-10-01 00:11:05,368 [INFO] ark5.main:   Camera Stream : http://192.168.137.10:81/stream
2026-10-01 00:11:05,369 [INFO] ark5.main: =======================================================
2026-10-01 00:11:07,853 [INFO] ark5.vision: Loading YOLO weights: C:\Users\User\repos\SS-Magazine-Project\human_detector_robot\models\yolo11n.pt
2026-10-01 00:12:24,864 [INFO] ark5.main: =======================================================
2026-10-01 00:12:24,864 [INFO] ark5.main:   ARK-5 Human Detector — Brain Starting for ROBOT #1
2026-10-01 00:12:24,865 [INFO] ark5.main:   ESP32 Host    : 192.168.137.11:4210 (Telem port: 4211)
2026-10-01 00:12:24,865 [INFO] ark5.main:   Camera Stream : http://192.168.137.10:81/stream
2026-10-01 00:12:24,865 [INFO] ark5.main: =======================================================
2026-10-01 00:12:27,073 [INFO] ark5.vision: Loading YOLO weights: C:\Users\User\repos\SS-Magazine-Project\human_detector_robot\models\yolo11n.pt
2026-10-01 00:12:31,651 [INFO] ark5.main: Camera Stream OK (http://192.168.137.182:81/stream)
2026-10-01 00:12:31,655 [INFO] ark5.main: 2D ASCII Map file       : C:\Users\User\repos\SS-Magazine-Project\human_detector_robot\maps\robot1_map.txt
2026-10-01 00:12:31,656 [INFO] ark5.main: Movement/Trajectory Log : C:\Users\User\repos\SS-Magazine-Project\human_detector_robot\maps\robot1_movement_log.txt
2026-10-01 00:12:31,657 [INFO] ark5.main: READY — Press Q to quit.
2026-10-01 00:12:31,733 [WARNING] ark5.main: FAILSAFE: infs se robot se telemetry nahi aayi — motors STOP
2026-10-01 00:12:31,734 [INFO] ark5.main: [CMD] DEBUG    FWD          v=+1.000 m/s  w=+0.000 rad/s  state=CRUISE
2026-10-01 00:12:32,244 [INFO] ark5.udp: Auto-discovered Robot ESP32 at IP: 192.168.137.122 (updated from 192.168.137.11)
2026-10-01 00:12:32,245 [INFO] ark5.main: Telemetry link wapis aa gaya — failsafe hata diya
2026-10-01 00:12:32,246 [INFO] ark5.main: [WATCHDOG] State timeout (8s) — reset to CRUISE
2026-10-01 00:12:46,714 [INFO] ark5.main: EXIT: Stopped by user (Ctrl+C).
2026-10-01 00:12:46,719 [INFO] ark5.main: Final 2D Map -> C:\Users\User\repos\SS-Magazine-Project\human_detector_robot\maps\robot1_map.txt
2026-10-01 00:12:46,720 [INFO] ark5.main: Final MPU/Sonar Trajectory Log -> C:\Users\User\repos\SS-Magazine-Project\human_detector_robot\maps\robot1_movement_log.txt
2026-10-01 00:13:13,363 [INFO] ark5.main: =======================================================
2026-10-01 00:13:13,363 [INFO] ark5.main:   ARK-5 Human Detector — Brain Starting for ROBOT #1
2026-10-01 00:13:13,364 [INFO] ark5.main:   ESP32 Host    : 192.168.137.11:4210 (Telem port: 4211)
2026-10-01 00:13:13,364 [INFO] ark5.main:   Camera Stream : http://192.168.137.10:81/stream
2026-10-01 00:13:13,364 [INFO] ark5.main: =======================================================
2026-10-01 00:13:15,630 [INFO] ark5.vision: Loading YOLO weights: C:\Users\User\repos\SS-Magazine-Project\human_detector_robot\models\yolo11n.pt
2026-10-01 00:13:19,944 [INFO] ark5.main: Camera Stream OK (http://192.168.137.182:81/stream)
2026-10-01 00:13:19,947 [INFO] ark5.main: 2D ASCII Map file       : C:\Users\User\repos\SS-Magazine-Project\human_detector_robot\maps\robot1_map.txt
2026-10-01 00:13:19,948 [INFO] ark5.main: Movement/Trajectory Log : C:\Users\User\repos\SS-Magazine-Project\human_detector_robot\maps\robot1_movement_log.txt
2026-10-01 00:13:19,948 [INFO] ark5.main: READY — Press Q to quit.
2026-10-01 00:13:20,051 [INFO] ark5.udp: Auto-discovered Robot ESP32 at IP: 192.168.137.122 (updated from 192.168.137.11)
2026-10-01 00:13:20,052 [INFO] ark5.main: [CMD] DEBUG    FWD          v=+1.000 m/s  w=+0.000 rad/s  state=CRUISE
2026-10-01 00:13:20,054 [INFO] ark5.main: [WATCHDOG] State timeout (8s) — reset to CRUISE
2026-10-01 00:13:21,541 [INFO] ark5.main: MAP & TRAJECTORY saved -> robot1_map.txt & robot1_movement_log.txt
2026-10-01 00:13:21,541 [INFO] ark5.main: [CV] HUMAN FALLEN detected (conf=0.46)
2026-10-01 00:13:23,588 [INFO] ark5.main: [MAP] Human logged — resuming...
2026-10-01 00:13:25,268 [WARNING] ark5.main: FAILSAFE: 1.5s se robot se telemetry nahi aayi — motors STOP
2026-10-01 00:13:28,670 [INFO] ark5.main: Telemetry link wapis aa gaya — failsafe hata diya
2026-10-01 00:13:31,666 [INFO] ark5.main: [WATCHDOG] State timeout (8s) — reset to CRUISE
2026-10-01 00:13:34,572 [INFO] ark5.main: EXIT: Stopped by user (Ctrl+C).
2026-10-01 00:13:34,577 [INFO] ark5.main: Final 2D Map -> C:\Users\User\repos\SS-Magazine-Project\human_detector_robot\maps\robot1_map.txt
2026-10-01 00:13:34,578 [INFO] ark5.main: Final MPU/Sonar Trajectory Log -> C:\Users\User\repos\SS-Magazine-Project\human_detector_robot\maps\robot1_movement_log.txt
2026-10-01 00:27:19,449 [INFO] ark5.main: =======================================================
2026-10-01 00:27:19,450 [INFO] ark5.main:   ARK-5 Human Detector — Brain Starting for ROBOT #1
2026-10-01 00:27:19,451 [INFO] ark5.main:   ESP32 Host    : 192.168.137.11:4210 (Telem port: 4211)
2026-10-01 00:27:19,451 [INFO] ark5.main:   Camera Stream : http://192.168.137.10:81/stream
2026-10-01 00:27:19,452 [INFO] ark5.main: =======================================================
2026-10-01 00:27:22,939 [INFO] ark5.vision: Loading YOLO weights: C:\Users\User\repos\SS-Magazine-Project\human_detector_robot\models\yolo11n.pt
2026-10-01 00:27:28,395 [INFO] ark5.main: Camera Stream OK (http://192.168.137.31:81/stream)
2026-10-01 00:27:28,397 [INFO] ark5.main: 2D ASCII Map file       : C:\Users\User\repos\SS-Magazine-Project\human_detector_robot\maps\robot1_map.txt
2026-10-01 00:27:28,397 [INFO] ark5.main: Movement/Trajectory Log : C:\Users\User\repos\SS-Magazine-Project\human_detector_robot\maps\robot1_movement_log.txt
2026-10-01 00:27:28,398 [INFO] ark5.main: READY — Press Q to quit.
2026-10-01 00:27:28,449 [INFO] ark5.udp: Auto-discovered Robot ESP32 at IP: 192.168.137.52 (updated from 192.168.137.11)
2026-10-01 00:27:28,450 [INFO] ark5.main: [CMD] DEBUG    FWD          v=+0.600 m/s  w=+0.000 rad/s  state=STOP_AT_WALL
2026-10-01 00:27:28,452 [INFO] ark5.main: [SONAR] Wall at 80cm — stopping
2026-10-01 00:27:28,929 [INFO] ark5.main: [SCAN] Creep to 30-40cm (robot will rotate in place next)...
2026-10-01 00:27:30,727 [INFO] ark5.main: [SCAN] Standoff 39cm OK — WiFi scan...
2026-10-01 00:27:31,602 [INFO] ark5.main: [SCAN] Side sensors blocked — robot rotating...
2026-10-01 00:27:33,656 [INFO] ark5.main: [SCAN] Robot rotating RIGHT...
2026-10-01 00:27:39,497 [INFO] ark5.main: [SCAN] T/L junction → go LEFT (left bias) (176cm)
2026-10-01 00:27:44,344 [INFO] ark5.main: [ROBOT] Aligned — going LEFT (left bias)
2026-10-01 00:27:44,382 [INFO] ark5.main: [SONAR] Wall at 182cm — stopping
2026-10-01 00:27:44,473 [INFO] ark5.main: [SCAN] Creep to 30-40cm (robot will rotate in place next)...
2026-10-01 00:27:46,455 [INFO] ark5.main: [SCAN] Standoff 35cm OK — WiFi scan...
2026-10-01 00:27:47,293 [INFO] ark5.main: [SCAN] RIGHT path open 165cm — turning
2026-10-01 00:27:49,465 [INFO] ark5.main: MAP & TRAJECTORY saved -> robot1_map.txt & robot1_movement_log.txt
2026-10-01 00:27:49,466 [INFO] ark5.main: HUMAN_POSSIBLE_BEHIND_WALL
2026-10-01 00:27:51,532 [INFO] ark5.main: [MAP] Human logged — continuing scan...
2026-10-01 00:27:51,568 [INFO] ark5.main: [SCAN] Too close (11cm) — reverse
2026-10-01 00:27:52,037 [INFO] ark5.main: [SCAN] Too close (10cm) — reverse
2026-10-01 00:27:52,126 [INFO] ark5.main: [SCAN] Too close (9cm) — reverse
2026-10-01 00:27:52,166 [INFO] ark5.main: [SCAN] Too close (8cm) — reverse
2026-10-01 00:27:52,391 [INFO] ark5.main: [SCAN] Too close (9cm) — reverse
2026-10-01 00:27:52,776 [INFO] ark5.main: [SCAN] Too close (8cm) — reverse
2026-10-01 00:27:53,474 [INFO] ark5.main: HUMAN_POSSIBLE_BEHIND_WALL
2026-10-01 00:27:55,482 [INFO] ark5.main: [MAP] Human logged — continuing scan...
2026-10-01 00:27:55,510 [INFO] ark5.main: [SCAN] Too close (8cm) — reverse
2026-10-01 00:27:56,198 [INFO] ark5.main: [SCAN] Too close (9cm) — reverse
2026-10-01 00:27:56,554 [INFO] ark5.main: [SCAN] Too close (5cm) — reverse
2026-10-01 00:27:56,823 [INFO] ark5.main: [SCAN] Too close (6cm) — reverse
2026-10-01 00:27:58,354 [INFO] ark5.main: [SCAN] Too close (7cm) — reverse
2026-10-01 00:27:58,515 [INFO] ark5.main: [SCAN] Creep timeout (3s) — scanning from 7cm
2026-10-01 00:27:59,090 [WARNING] ark5.vision: Stream read fail — reconnect try ho raha hai: http://192.168.137.31:81/stream
2026-10-01 00:27:59,357 [INFO] ark5.main: [SCAN] Side sensors blocked — robot rotating...
2026-10-01 00:28:02,485 [INFO] ark5.main: MAP & TRAJECTORY saved -> robot1_map.txt & robot1_movement_log.txt
2026-10-01 00:28:02,486 [INFO] ark5.main: HUMAN_POSSIBLE_BEHIND_WALL
2026-10-01 00:28:04,537 [INFO] ark5.main: [MAP] Human logged — continuing scan...
2026-10-01 00:28:07,621 [INFO] ark5.main: [SCAN] Creep timeout (3s) — scanning from 88cm
2026-10-01 00:28:08,488 [INFO] ark5.main: [SCAN] Side sensors blocked — robot rotating...
2026-10-01 00:28:12,868 [INFO] ark5.main: EXIT: Stopped by user (Ctrl+C).
2026-10-01 00:28:12,875 [INFO] ark5.main: Final 2D Map -> C:\Users\User\repos\SS-Magazine-Project\human_detector_robot\maps\robot1_map.txt
2026-10-01 00:28:12,876 [INFO] ark5.main: Final MPU/Sonar Trajectory Log -> C:\Users\User\repos\SS-Magazine-Project\human_detector_robot\maps\robot1_movement_log.txt
2026-10-01 00:36:29,291 [INFO] ark5.main: =======================================================
2026-10-01 00:36:29,292 [INFO] ark5.main:   ARK-5 Human Detector — Brain Starting for ROBOT #1
2026-10-01 00:36:29,292 [INFO] ark5.main:   ESP32 Host    : 192.168.137.11:4210 (Telem port: 4211)
2026-10-01 00:36:29,293 [INFO] ark5.main:   Camera Stream : http://192.168.137.10:81/stream
2026-10-01 00:36:29,293 [INFO] ark5.main: =======================================================
2026-10-01 00:36:32,236 [INFO] ark5.vision: Loading YOLO weights: C:\Users\User\repos\SS-Magazine-Project\human_detector_robot\models\yolo11n.pt
2026-10-01 00:38:21,996 [INFO] ark5.main: =======================================================
2026-10-01 00:38:21,996 [INFO] ark5.main:   ARK-5 Human Detector — Brain Starting for ROBOT #1
2026-10-01 00:38:21,997 [INFO] ark5.main:   ESP32 Host    : 192.168.137.11:4210 (Telem port: 4211)
2026-10-01 00:38:21,997 [INFO] ark5.main:   Camera Stream : http://192.168.137.10:81/stream
2026-10-01 00:38:21,997 [INFO] ark5.main: =======================================================
2026-10-01 00:38:24,323 [INFO] ark5.vision: Loading YOLO weights: C:\Users\User\repos\SS-Magazine-Project\human_detector_robot\models\yolo11n.pt
2026-10-01 00:41:03,540 [INFO] ark5.main: =======================================================
2026-10-01 00:41:03,540 [INFO] ark5.main:   ARK-5 Human Detector — Brain Starting for ROBOT #1
2026-10-01 00:41:03,540 [INFO] ark5.main:   ESP32 Host    : 192.168.137.11:4210 (Telem port: 4211)
2026-10-01 00:41:03,541 [INFO] ark5.main:   Camera Stream : http://192.168.137.10:81/stream
2026-10-01 00:41:03,541 [INFO] ark5.main: =======================================================
2026-10-01 00:41:05,911 [INFO] ark5.vision: Loading YOLO weights: C:\Users\User\repos\SS-Magazine-Project\human_detector_robot\models\yolo11n.pt
2026-10-01 00:41:10,283 [INFO] ark5.main: Camera Stream OK (http://192.168.137.224:81/stream)
2026-10-01 00:41:10,285 [INFO] ark5.main: 2D ASCII Map file       : C:\Users\User\repos\SS-Magazine-Project\human_detector_robot\maps\robot1_map.txt
2026-10-01 00:41:10,286 [INFO] ark5.main: Movement/Trajectory Log : C:\Users\User\repos\SS-Magazine-Project\human_detector_robot\maps\robot1_movement_log.txt
2026-10-01 00:41:10,286 [INFO] ark5.main: READY — Press Q to quit.
2026-10-01 00:41:10,338 [INFO] ark5.udp: Auto-discovered Robot ESP32 at IP: 192.168.137.71 (updated from 192.168.137.11)
2026-10-01 00:41:10,339 [INFO] ark5.main: [CMD] DEBUG    FWD          v=+1.000 m/s  w=+0.000 rad/s  state=STOP_AT_WALL
2026-10-01 00:41:10,341 [INFO] ark5.main: [SONAR] Wall at 88cm — stopping
2026-10-01 00:41:10,793 [INFO] ark5.main: [SCAN] Creep to 30-40cm (robot will rotate in place next)...
2026-10-01 00:41:13,816 [INFO] ark5.main: [SCAN] Creep timeout (3s) — scanning from 87cm
2026-10-01 00:41:14,683 [INFO] ark5.main: [SCAN] Side sensors blocked — robot rotating...
2026-10-01 00:41:22,795 [INFO] ark5.main: [WATCHDOG] State timeout (8s) — reset to CRUISE
2026-10-01 00:41:22,803 [INFO] ark5.main: [SONAR] Wall at 87cm — stopping
2026-10-01 00:41:22,913 [INFO] ark5.main: [SCAN] Creep to 30-40cm (robot will rotate in place next)...
2026-10-01 00:41:25,937 [INFO] ark5.main: [SCAN] Creep timeout (3s) — scanning from 87cm
2026-10-01 00:41:26,990 [INFO] ark5.main: [SCAN] Side sensors blocked — robot rotating...
2026-10-01 00:41:29,970 [INFO] ark5.main: MAP & TRAJECTORY saved -> robot1_map.txt & robot1_movement_log.txt
2026-10-01 00:41:29,971 [INFO] ark5.main: HUMAN_POSSIBLE_BEHIND_WALL
2026-10-01 00:41:32,148 [INFO] ark5.main: [MAP] Human logged — continuing scan...
2026-10-01 00:41:35,181 [INFO] ark5.main: [SCAN] Creep timeout (3s) — scanning from 87cm
2026-10-01 00:41:36,246 [INFO] ark5.main: [SCAN] Side sensors blocked — robot rotating...
2026-10-01 00:41:41,467 [WARNING] ark5.vision: Stream read fail — reconnect try ho raha hai: http://192.168.137.224:81/stream
2026-10-01 00:41:42,273 [INFO] ark5.main: HUMAN_POSSIBLE_BEHIND_WALL
2026-10-01 00:41:44,379 [INFO] ark5.main: [MAP] Human logged — continuing scan...
2026-10-01 00:41:47,397 [INFO] ark5.main: [SCAN] Creep timeout (3s) — scanning from 54cm
2026-10-01 00:41:48,401 [INFO] ark5.main: [SCAN] Side sensors blocked — robot rotating...
2026-10-01 00:41:51,697 [INFO] ark5.main: HUMAN_POSSIBLE_BEHIND_WALL
2026-10-01 00:41:53,069 [WARNING] ark5.main: FAILSAFE: 1.6s se robot se telemetry nahi aayi — motors STOP
2026-10-01 00:41:53,324 [INFO] ark5.main: Telemetry link wapis aa gaya — failsafe hata diya
2026-10-01 00:41:53,867 [INFO] ark5.main: [MAP] Human logged — continuing scan...
2026-10-01 00:41:56,895 [INFO] ark5.main: [SCAN] Creep timeout (3s) — scanning from 54cm
2026-10-01 00:41:57,845 [INFO] ark5.main: [SCAN] Side sensors blocked — robot rotating...
2026-10-01 00:42:06,019 [INFO] ark5.main: [WATCHDOG] State timeout (8s) — reset to CRUISE
2026-10-01 00:42:06,256 [INFO] ark5.main: [SONAR] Wall at 55cm — stopping
2026-10-01 00:42:06,266 [INFO] ark5.main: [SCAN] Creep to 30-40cm (robot will rotate in place next)...
2026-10-01 00:42:07,839 [INFO] ark5.main: HUMAN_POSSIBLE_BEHIND_WALL
2026-10-01 00:42:09,884 [INFO] ark5.main: [MAP] Human logged — continuing scan...
2026-10-01 00:42:13,012 [INFO] ark5.main: [SCAN] Creep timeout (3s) — scanning from 55cm
2026-10-01 00:42:13,852 [INFO] ark5.main: [SCAN] Side sensors blocked — robot rotating...
2026-10-01 00:42:22,076 [INFO] ark5.main: [WATCHDOG] State timeout (8s) — reset to CRUISE
2026-10-01 00:42:22,306 [INFO] ark5.main: [SONAR] Wall at 87cm — stopping
2026-10-01 00:42:22,316 [INFO] ark5.main: [SCAN] Creep to 30-40cm (robot will rotate in place next)...
2026-10-01 00:42:25,417 [INFO] ark5.main: [SCAN] Creep timeout (3s) — scanning from 87cm
2026-10-01 00:42:25,704 [INFO] ark5.main: EXIT: Stopped by user (Ctrl+C).
2026-10-01 00:42:25,709 [INFO] ark5.main: Final 2D Map -> C:\Users\User\repos\SS-Magazine-Project\human_detector_robot\maps\robot1_map.txt
2026-10-01 00:42:25,709 [INFO] ark5.main: Final MPU/Sonar Trajectory Log -> C:\Users\User\repos\SS-Magazine-Project\human_detector_robot\maps\robot1_movement_log.txt
2026-10-01 00:51:41,960 [INFO] ark5.main: =======================================================
2026-10-01 00:51:41,961 [INFO] ark5.main:   ARK-5 Human Detector — Brain Starting for ROBOT #1
2026-10-01 00:51:41,961 [INFO] ark5.main:   ESP32 Host    : 192.168.137.11:4210 (Telem port: 4211)
2026-10-01 00:51:41,962 [INFO] ark5.main:   Camera Stream : http://192.168.137.10:81/stream
2026-10-01 00:51:41,962 [INFO] ark5.main: =======================================================
2026-10-01 00:51:45,912 [INFO] ark5.vision: Loading YOLO weights: C:\Users\User\repos\SS-Magazine-Project\human_detector_robot\models\yolo11n.pt
2026-10-01 00:51:51,565 [INFO] ark5.main: Camera Stream OK (http://192.168.137.224:81/stream)
2026-10-01 00:51:51,568 [INFO] ark5.main: 2D ASCII Map file       : C:\Users\User\repos\SS-Magazine-Project\human_detector_robot\maps\robot1_map.txt
2026-10-01 00:51:51,605 [INFO] ark5.main: Movement/Trajectory Log : C:\Users\User\repos\SS-Magazine-Project\human_detector_robot\maps\robot1_movement_log.txt
2026-10-01 00:51:51,606 [INFO] ark5.main: READY — Press Q to quit.
2026-10-01 00:51:51,687 [WARNING] ark5.main: FAILSAFE: infs se robot se telemetry nahi aayi — motors STOP
2026-10-01 00:51:51,688 [INFO] ark5.main: [CMD] DEBUG    FWD          v=+1.000 m/s  w=+0.000 rad/s  state=CRUISE
2026-10-01 00:51:52,200 [INFO] ark5.udp: Auto-discovered Robot ESP32 at IP: 192.168.137.71 (updated from 192.168.137.11)
2026-10-01 00:51:52,201 [INFO] ark5.main: Telemetry link wapis aa gaya — failsafe hata diya
2026-10-01 00:51:52,203 [INFO] ark5.main: [SONAR] Wall at 35cm — stopping
2026-10-01 00:51:52,220 [INFO] ark5.main: [SCAN] Creep to 30-40cm (robot will rotate in place next)...
2026-10-01 00:51:52,338 [INFO] ark5.main: [SCAN] Standoff 35cm OK — WiFi scan...
2026-10-01 00:51:53,147 [INFO] ark5.main: [SCAN] Side sensors blocked — robot rotating...
2026-10-01 00:52:01,268 [INFO] ark5.main: [WATCHDOG] State timeout (8s) — reset to CRUISE
2026-10-01 00:52:01,314 [INFO] ark5.main: [SONAR] Wall at 35cm — stopping
2026-10-01 00:52:01,439 [INFO] ark5.main: [SCAN] Creep to 30-40cm (robot will rotate in place next)...
2026-10-01 00:52:01,469 [INFO] ark5.main: [SCAN] Standoff 35cm OK — WiFi scan...
2026-10-01 00:52:02,375 [INFO] ark5.main: [SCAN] Side sensors blocked — robot rotating...
2026-10-01 00:52:10,488 [INFO] ark5.main: [WATCHDOG] State timeout (8s) — reset to CRUISE
2026-10-01 00:52:10,526 [INFO] ark5.main: [SONAR] Wall at 36cm — stopping
2026-10-01 00:52:10,626 [INFO] ark5.main: [SCAN] Creep to 30-40cm (robot will rotate in place next)...
2026-10-01 00:52:10,641 [INFO] ark5.main: [SCAN] Standoff 36cm OK — WiFi scan...
2026-10-01 00:52:11,479 [INFO] ark5.main: [SCAN] Side sensors blocked — robot rotating...
2026-10-01 00:52:19,487 [INFO] ark5.main: [WATCHDOG] State timeout (8s) — reset to CRUISE
2026-10-01 00:52:19,606 [INFO] ark5.main: [SONAR] Wall at 35cm — stopping
2026-10-01 00:52:19,613 [INFO] ark5.main: [SCAN] Creep to 30-40cm (robot will rotate in place next)...
2026-10-01 00:52:19,726 [INFO] ark5.main: [SCAN] Standoff 35cm OK — WiFi scan...
2026-10-01 00:52:20,529 [INFO] ark5.main: [SCAN] Side sensors blocked — robot rotating...
2026-10-01 00:52:28,628 [INFO] ark5.main: [WATCHDOG] State timeout (8s) — reset to CRUISE
2026-10-01 00:52:28,741 [INFO] ark5.main: [SONAR] Wall at 36cm — stopping
2026-10-01 00:52:28,782 [INFO] ark5.main: [SCAN] Creep to 30-40cm (robot will rotate in place next)...
2026-10-01 00:52:28,878 [INFO] ark5.main: [SCAN] Standoff 35cm OK — WiFi scan...
2026-10-01 00:52:29,721 [INFO] ark5.main: [SCAN] Side sensors blocked — robot rotating...
2026-10-01 00:52:30,488 [WARNING] ark5.main: FAILSAFE: 1.6s se robot se telemetry nahi aayi — motors STOP
2026-10-01 00:52:32,681 [WARNING] ark5.vision: Stream read fail — reconnect try ho raha hai: http://192.168.137.224:81/stream
2026-10-01 00:54:04,848 [WARNING] ark5.vision: Stream read fail — reconnect try ho raha hai: http://192.168.137.224:81/stream
2026-10-01 00:54:37,527 [INFO] ark5.main: EXIT: Stopped by user (Ctrl+C).
2026-10-01 00:54:37,533 [INFO] ark5.main: Final 2D Map -> C:\Users\User\repos\SS-Magazine-Project\human_detector_robot\maps\robot1_map.txt
2026-10-01 00:54:37,536 [INFO] ark5.main: Final MPU/Sonar Trajectory Log -> C:\Users\User\repos\SS-Magazine-Project\human_detector_robot\maps\robot1_movement_log.txt
